Category,Item,Regular Price,Large Price,Price,With Cone,,img
Flavoured Shakes,Cookie Shake,850,950,,,,
Flavoured Shakes,Classic Vanilla Shake,850,950,,,,
Flavoured Shakes,Brownie Shake,850,950,,,,
Flavoured Shakes,Mars Shake,850,950,,,,
Flavoured Shakes,Snickers Shake,850,950,,,,
Flavoured Shakes,Nutella Shake,850,950,,,,
Flavoured Shakes,Lotus Shake,850,950,,,,
Flavoured Shakes,Oreo Shake,850,950,,,,
Kurtos' Specials,Ice cream,,,300,,,
Kurtos' Specials,Brownie,,,400,,,
Kurtos' Specials,Ice cream + Brownie,,,450,,,
Kurtos' Specials,Brownie Melt with Icecream,,,795,,,
Cold Beverages,Iced Americano,500,600,,,,
Cold Beverages,Iced Latte,720,820,,,,
Cold Beverages,Iced Vanilla Latte,750,850,,,,
Cold Beverages,Iced Caramel Latte,750,850,,,,
Cold Beverages,Iced Spanish Latte,750,850,,,,
Cold Beverages,Iced Hazelnut Latte,750,850,,,,
Cold Beverages,Iced Mocca Latte,750,850,,,,
Cold Beverages,Iced Irish Latte,750,850,,,,
Cold Beverages,Affogato,585,685,,,,
Frozen Frappes,Caramel Frappe,850,950,,,,
Frozen Frappes,Mocca Frappe,850,950,,,,
Frozen Frappes,Lotus Frappe,850,950,,,,
Rich Mojitos,Passion Mojito,595,695,,,,
Rich Mojitos,Kiwi Mojito,595,695,,,,
Rich Mojitos,Strawberry Mojito,595,695,,,,
Hot Beverages,Espresso,475,575,,,,
Hot Beverages,Espresso Macchiato,475,575,,,,
Hot Beverages,Classic Americano,500,600,,,,
Hot Beverages,Cortado,500,600,,,,
Hot Beverages,Cafe Latte,720,820,,,,
Hot Beverages,Flat White,720,820,,,,
Hot Beverages,Creamy Cappuccino,720,820,,,,
Hot Beverages,Vanilla Whisper Latte,750,850,,,,
Hot Beverages,Hazelnut Latte,750,850,,,,
Hot Beverages,Irish Latte,750,850,,,,
Hot Beverages,Caramel Kiss Latte,750,850,,,,
Hot Beverages,Spanish Bliss Latte,750,850,,,,
Hot Beverages,Mochaccino,750,850,,,,
Hot Beverages,Caramelito,750,850,,,,
Hot Beverages,Macha Latte,650,750,,,,
Hot Beverages,Mocca Magic Latte,475,575,,,,
Hot Beverages,Kurtos Special Coffee,750,850,,,,
Hot Beverages,Hot Chocolate,650,750,,,,
Hot Beverages,Mix Tea,395,,,,,
Sweet Mornings,Smoothie Bowl,,,750,,,
Sweet Mornings,Fluffy Loaded Waffle,,,795,,,
Sweet Mornings,Fluffy Pancakes with Banana,,,650,,,
Signature Sandwiches,Club Sandwich,,,1125,,,
Signature Sandwiches,"Beef, Onion & Green Chilli",,,1275,,,
Signature Sandwiches,Spicy Tandoori Chicken Sandwich,,,1195,,,
Signature Sandwiches,Grilled Tarragon Lime Chicken Sandwich,,,1195,,,
Cold Sandwiches,Curry Egg Sandwich,,,450,,,
Cold Sandwiches,Chicken Mexican Sandwich,,,550,,,
Cold Sandwiches,Beef Pickle Sandwich,,,625,,,
Kurtos Breakfast,Kurtos Special English Breakfast,,,1650,,,
Kurtos Breakfast,Scrambled Eggs,,,1050,,,
Kurtos Breakfast,Spanish Omelette,,,950,,,
Kurtos Breakfast,Chicken and Mushroom Omelette,,,950,,,
Kurtos Breakfast,Chicken and Cheese Omelette,,,1050,,,
Kurtos Breakfast,Shakshuka,,,750,,,
Choose Your Cone,Sugar/Glazed,,,,,,
Choose Your Cone,Cinnamon & Sugar,,,,,,
Choose Your Cone,Red Velvet,,,,,,
Choose Your Cone,Brownie,350,,,,,
Choose Your Cone,Chimney,550,,,,,
Choose Your Spread,Chocolate,,,,60,,100
Choose Your Spread,Peanut Butter,,,,70,,110
Choose Your Spread,Lotus,,,,90,,140
Choose Your Spread,Strawberry Jam,,,,80,,110
Choose Your Spread,Blueberry Jam,,,,80,,110
Choose Your Filling,Custard,,,150,,,
Choose Your Filling,Vanilla Ice Cream,,,200,,,
Choose Your Filling,Sweet Cream,,,100,,,
Choose Your Filling,Ice Cream + Brownie,,,250,,,
Choose Your Filling,Seasonal Fruits + Chocolate,,,250,,,
Choose Your Filling,Seasonal Fruits + Ice Cream,,,250,,,
Cold Beverages,pepsi,,,100,,,"data:image/jpeg;base64,/9j/4AAQSkZJRgABAQAAAQABAAD/4gHYSUNDX1BST0ZJTEUAAQEAAAHIbGNtcwIQAABtbnRyUkdCIFhZWiAH4gADABQACQAOAB1hY3NwTVNGVAAAAABzYXdzY3RybAAAAAAAAAAAAAAAAAAA9tYAAQAAAADTLWhhbmSdkQA9QICwPUB0LIGepSKOAAAAAAAAAAAAAAAAAAAAAAAAAAAAAAAAAAAAAAAAAAlkZXNjAAAA8AAAAF9jcHJ0AAABDAAAAAx3dHB0AAABGAAAABRyWFlaAAABLAAAABRnWFlaAAABQAAAABRiWFlaAAABVAAAABRyVFJDAAABaAAAAGBnVFJDAAABaAAAAGBiVFJDAAABaAAAAGBkZXNjAAAAAAAAAAV1UkdCAAAAAAAAAAAAAAAAdGV4dAAAAABDQzAAWFlaIAAAAAAAAPNUAAEAAAABFslYWVogAAAAAAAAb6AAADjyAAADj1hZWiAAAAAAAABilgAAt4kAABjaWFlaIAAAAAAAACSgAAAPhQAAtsRjdXJ2AAAAAAAAACoAAAB8APgBnAJ1A4MEyQZOCBIKGAxiDvQRzxT2GGocLiBDJKwpai5+M+s5sz/WRldNNlR2XBdkHWyGdVZ+jYgskjacq6eMstu+mcrH12Xkd/H5////2wBDAAkGBwgHBgkICAgKCgkLDhcPDg0NDhwUFREXIh4jIyEeICAlKjUtJScyKCAgLj8vMjc5PDw8JC1CRkE6RjU7PDn/2wBDAQoKCg4MDhsPDxs5JiAmOTk5OTk5OTk5OTk5OTk5OTk5OTk5OTk5OTk5OTk5OTk5OTk5OTk5OTk5OTk5OTk5OTn/wAARCAOrA8ADASIAAhEBAxEB/8QAHwAAAQUBAQEBAQEAAAAAAAAAAAECAwQFBgcICQoL/8QAtRAAAgEDAwIEAwUFBAQAAAF9AQIDAAQRBRIhMUEGE1FhByJxFDKBkaEII0KxwRVS0fAkM2JyggkKFhcYGRolJicoKSo0NTY3ODk6Q0RFRkdISUpTVFVWV1hZWmNkZWZnaGlqc3R1dnd4eXqDhIWGh4iJipKTlJWWl5iZmqKjpKWmp6ipqrKztLW2t7i5usLDxMXGx8jJytLT1NXW19jZ2uHi4+Tl5ufo6erx8vP09fb3+Pn6/8QAHwEAAwEBAQEBAQEBAQAAAAAAAAECAwQFBgcICQoL/8QAtREAAgECBAQDBAcFBAQAAQJ3AAECAxEEBSExBhJBUQdhcRMiMoEIFEKRobHBCSMzUvAVYnLRChYkNOEl8RcYGRomJygpKjU2Nzg5OkNERUZHSElKU1RVVldYWVpjZGVmZ2hpanN0dXZ3eHl6goOEhYaHiImKkpOUlZaXmJmaoqOkpaanqKmqsrO0tba3uLm6wsPExcbHyMnK0tPU1dbX2Nna4uPk5ebn6Onq8vP09fb3+Pn6/9oADAMBAAIRAxEAPwD3GiiigAooooAKKKKACiiigAooooAKKKKACiiigAooooAKKKKACiiigAooooAKKKKACiiigAooooAKKKKACiiigAooooAKKKKACiiigAooooAKKKKACiiigAooooAKKKKACiiigAooooAKKKKACiiigAooooAKKKKACiiigAooooAKKKKACiiigAooooAKKKKACiiigAooooAKKKKACiiigAooooAKKKKACiiigAooooAKKKKACiiigAooooAKKKKACiiigAooooAKKKKACiiigAooooAKKKKACiiigAooooAKKKKACiiigAooooAKKKKACiiigAooooAKKKKACiiigAooooAKKKKACiiigAooooAKKKKACiiigAooooAKKKKACiiigAooooAKKKKACiiigAooooAKKKKACiiigAooooAKKKKACiiigAooooAKKKKACiiigAooooAKKKKACiiigAooooAKKKKACiiigAooooAKKKKACiiigAooooAKKKKACiiigAooooAKKKKACiiigAooooAKKKKACiiigAooooAKKKKACiiigAooooAKKKKACiiigAooooAKKKKACiiigAooooAKKKKACiiigAooooAKKKKACiiigAooooAKKKKACiiigAooooAKKKKACiiigAooooAKKKKACiiigAooooAKKKKACiiigAooooAKKKKACiiigAooooAKKKKACiiigAooooAKKKKACiiigAooooAKKKKACiiigAooooAKKKKACiiigAooooAKKKKACiiigAooooAKKKKACiiigAooooAKKKKACiiigAooooAKKKKACiiigAooooAKKKKACiiigAooooAKKKKACiiigAooooAKKKKACiiigAooooAKKKKACiiigAooooAKKKKACiiigAooooAKKKKACiiigAooooAKKKKACiiigAooooAKKKKACiiigAooooAKKKKACiiigAooooAKKKKACiiigAooooAKKKKACiiigAooooAKKKKACiiigAooooAKKKKACiiigAooooAKKKKACiiigAooooAKKKKACiiigAooooAKKKKACiiigAooooAKKKKACiiigAooooAKKKKACiiigAooooAKKKKACiiigAooooAKKKKACiiigAooooAKKKKACiiigAooooAKKKKACiiigAooooAKKKKACiiigAooooAKKKKACiiigAooooAKKKKACiiigAooooAKKKKACiiigAooooAKKKKACiiigAooooAKKKKACiiigAooooAKKKKACiiigAooooAKKKKACiiigAooooAKKKKACiiigAooooAKKKKACiiigAooooAKKKKACiiigAooooAKKKKACiiigAooooAKKKKACiiigAooooAKimmjgjMkzpHGvLM7AAfUmpGOBmvOpJm8QzjUL3DWwJ+yWvVUUEje3q5/QVlVqqmrs0pUnUlZHoFvcRXMSywSJLG3R0YMD+NTVx3gsfZ9X1W1hCpb7IZgi8BXbcDge+0V2NVCXPFMmpDkk0FFFFWSFFFFABRRRQAUUUUAFFFFABRRRQAUUUUAFFFFABRRRQAUUUUAFFFFABRRRQAUUUUAFFFFABRRRQAUUUUAFFFFABRRRQAUUUUAFFFFABRRRQAUUUUAFFFFABRRRQAUUUUAFFFFABRRRQAUUUUAFFFFABRRRQAUUUUAFFFFABRRRQAUUUUAFFFFABRRRQAUUUUAFFFFABRRRQAUUUUAFFFFABRRRQAUUUUAFFFFABRRRQAUUUUAFFFFABRRRQAUUUUAFFFFABRRRQAUUUUAFFFFABRRRQAUUUUAFFFFABRRRQAUUUUAMlG6Nh3IIrzjQhjR7VO8amJvqpKn9RXpNcFqFudK1+4tSMW98Tc2zdt3/LRP/ZhXJi4txujqwk1GdmSaLqNvpOvXDXjCKG9jjWKZuEDrkFWPYntXcg5rhHRZEZJEV0YYZWGQR6EGorKXUNGIGmTCW2HWzuGJX6I3Vf1FZUMSorlka18M5Pmieg0lYui+I7PVJPs5DWt8oy1rN8r+5Xsw9xW0K7001dHA007MWiiimAUUUUAFFFFABRRRQAUUUUAFFFFABRRRQAUUUUAFFFFABRRRQAUUUUAFFFFABRRRQAUUUUAFFFFABRRRQAUUUUAFFFFABRRRQAUUUUAFFFFABRRRQAUUUUAFFFFABRRRQAUUUUAFFFFABRRRQAUUUUAFFFFABRRRQAUUUUAFFFFABRRRQAUUUUAFFFFABRRRQAUUUUAFFFFABRRRQAUUUUAFFFFABRRRQAUUUUAFFFFABRRRQAUUUUAFFFFABRRRQAUUUUAFFFFABRRRQAUUUUAFFFFABRRRQAUUUUAFFFFACVna7pMOsWBtpSyMCHjlT70TjowrSopNXVmCdndHncMk8Vy9jfosd9ENxC/dlXs6eo/lVmtXx7bxHQvtRUC4tp4TDJ0KkyIpwfcHBrmfEeoS6VpMt5AiPIjIqo/RsnGK8uvR5J2XU9WhW54XfQtXdrBdoqTITsO5HUlWjPYqw5Uj1Faug67PDcx6XqsnmNIcWt3wPNx/A/pJ+hrC0bVrbV7YywZWRDiWFvvRn39vQ1Zu7aO7t3gmztfuDhlPUEHsQeQamlVlSlZ7Dq0o1Y3W56ADmiuf8KavJewSWV6y/wBoWeFlI4Eqn7sg9j/Ougr1YyUldHlNOLsxaKKKoQUUUUAFFFFABRRRQAUUUUAFFFFABRRRQAUUUUAFFFFABRRRQAUUUUAFFFFABRRRQAUUUUAFFFFABRRRQAUUUUAFFFFABRRRQAUUUUAFFFFABRRRQAUUUUAFFFFABRRRQAUUUUAFFFFABRRRQAUUUUAFFFFABRRRQAUUUUAFFFFABRRRQAUUUUAFFFFABRRRQAUUUUAFFFFABRRRQAUUUUAFFFFABRRRQAUUUUAFFFFABRRRQAUUUUAFFFFABRRRQAUUUUAFFFFABRRRQAUUUUAFFFFABRRRQAUUUUAFFFFAHPePP+RYuP8ArtB/6OSuC8ey7dLt4O81yn5Llq7zx8yr4WuWchVEsGSf+uyV5X461CJ9btrTfnyIi2ACdzOcAD3wK4sQr1Inbh3aDMu1urjT7yO9tf8AXR8MnaVe6n+lekWV1Df2kV3btmGZQ6n+hrzOVJoHVLi3nt2cZQSoV3fSun8CXRH2zTyeEInj9g3DD8xmsKsbq500pWdjpJLg6bqNlqqkgROIZ/eJyAfybaRXoQ6V5/eW4u7Se2LbRLGU3ehIwD+FdV4X1A6lodrO4CzBfLmX+7IvDD8xW+DndOJy4yFpKRr0UUV2nGFFFFABRRRQAUUUUAFFFFABRRRQAUUUUAFFFVNTvoNNsZ725YrDChdj7CgCprOv6dozQre3BRps7QqlsAdWOBwo7mr9rcw3cCT280c0TjKvGwZSPYivN4muLqebUrwYvLrGV7RIPuxj6d/ekht3s5jcabcSWEzHczQ/ck92Q/K3161yfW4qVnsdP1ZuN+p6hRXF2XjC7tgE1ey3oP8Al6swWX/gSfeWun07UrLU4POsrqK4j9Y2z+Y6iuiM4y2ZhKEo7ou0UUVZIUUUUAFFFFABRRRQAUUUUAFFFFABRRRQAUUUUAFFFFABRRRQAUUUUAFFFFABRRRQAUUUUAFFFFABRRRQAUUUUAFFFFABRRRQAUUUUAFFFFABRRRQAUUUUAFFFFABRRRQAUUUUAFFFFABRRRQAUUUUAFFFFABRRRQAUUUUAFFFFABRRRQAUUUUAFFFFABRRRQAUUUUAFFFFABRRRQAUUUUAFFFFABRRRQAUUUUAFFFFABRRRQAlFFcx4v1iWzij06ycLf3YOG/wCeMfRpD/IVMpKKuxpOTsjD8V6nFq19LC7KdI0/LTE8rNKBz9VT/wBCry7HmJLLEnkNLIZkUf8ALM9VA+gC10niieO2tLfRbYYVgGl9oweAfdjWFXDzub5md6goqyN/xTqP9oaNocn/AD8sZ2+qrg/qaqeFJPK8S2w/57RSxfoG/wDZaoSOW0jS1PSKa6jH5qafpcvka1psvpcqpPs3y/1qeX3bF39656XTNNv/AOw9VaaVsaffMBMe0MvQOfRW6Gn0josiMkiK6MCrKwyCO4Nc9ObpyujerTVSNju6WuD0vVrjQAsF15t1pSjCSLlpLUejDqyD16iu0tLu3vbdLi1mSaFxlZEYEEV61OpGaujyKlOUHZliiiitCAooooAKKKKACiiigAooooAKKKKAENcR4zuxe6rbaUh3RWwFzc+5/wCWa/zb8K7K6nitreS4mYLFEpd2PQADJNeaWTyXIlv5wRNfSGdgeqg8Kv4KFFc2JqcsLI3w8OaV2M1aaSDTbmSLmXYVj93PA/U1tjwXZQQRpYXV1YyIgUtG25HIHUo2RWXbwHUNdsbFRlIHF5ceiqpyg+pf/wBBrV1bWdR/tqS00v7KUtYwZxODh3blVDDkEKMmvKlzbROmo3KVomfcaZrlhkvaxahCP+Wlodkn4oxwfwas1Hsbu8JikltNQTk7d0E6/VTgmumg8VwREJq1pNp7dPNP7yE/R16f8CArTvLHTdbtF+0w295CeUfhse6sOQfcUKpKD1X3Cc5LSSMKz8R61YYS5VNUgHVkxHOP/ZWrpdI8RaZq5MVtcbbpRlreUeXKv/AT1HuMiuYvPDV9Z5fSrv7RF/z63jZP0WXr+DZrIma2uphZahbNb3aHcsM42uD6ow6/VTXZSxb66kOlCfw6M9Worzyy1bWdLIEVx/aFuOsF0xEg/wB2T+jV0ukeKdO1KUWrs1ne/wDPvcgIx/3ezD6V2060J7HPOlKG5v0UUVqZhRRRQAUUUUAFFFFABRRRQAUUUUAFFFFABRRRQAUUUUAFFFFABRRRQAUUUUAFFFFABRRRQAUUUUAFFFFABRRRQAUUUUAFFFFABRRRQAUUUUAFFFFABRRRQAUUUUAFFFFABRRRQAUUUUAFFFFABRRRQAUUUUAFFFFABRRRQAUUUUAFFFFABRRRQAUUUUAFFFFABRRRQAUUUUAFFFFABRRRQAUUUUAFFFFABRRSE4BORQBQ1nUoNH0+W9uMlE4VF+87HoqjuSa84urtrOG71fU2BuZsPKF6L2WJfYVf1HUDr+pi8U/8S+2YizXtK3Qyn+S+1cPr2pf2nfBImzZ2zEJ6SSdC30HQVw1p+0lyrY7aNPkXM9yi8ktxNLc3BzPMd7+g9APYCmo6uMq6sPUHNaGhaemqaiyzrutbcBpF7SMfuqfYdTVfUESLV9RSNFVFnACgYA+RahNXsaDjET4ejn7R6m6fQMv/ANaqdxu8lmT76/Mv1HIresrbz/AGosB863Ekw/4AwNYoOQD60J3G1Y9Ptrhbu2iuU+5NGJF+hGakrmvA98JLCTTnb95aHKe8ZOQfwNdLXJJcrOqDugBINVo7eWyuTd6VP9juGOXTGYZf95P6jBqzRRGbi7oJQUlaRs6N4livZlsr6L7FfkfLGzZSb3jbv9OtdDXAXVtDeQtDPGHQkH0IPYgjkEdiKu6Jrs+nzxWGrTGaCQhLe9bqT2ST39G716NHEqektzzq+GcNY7HZ0UUV1nIFFFFABRRRQAUUUUAFFFFAHJePbnNlb6UvDX8mJPaFcF/z4X8a567uY7W3luJc7IwWIHU+gHuTwKmvbz+1dcvL4HMER+y2/wDuoTuYf7z/AKKtMsbYanr9tbMMwWeLqf0LdI1P4815eJqc0/JHfSXJTuzV0mJfDfh+51LUR/pUgNzc46lsYWMfT5VFZ+lQSw2u+5IN3O5nuCP+ejckD2A2qPZas+I7j7frEGmKcwWmLq593/5Zof8A0M06uVbX6s1w8ftMPUdiMGqI01baUzaZPJp8p5PkYMb/AO9GflNXqKaZ0OKlox0HiS6s8LrNn+7/AOfu0BZPqycsta00OmeILBd4t760Y5R1IYA+oI5U1kZxVF9ORLg3VlLLYXbdZbYgb/8AfU5VvxFTyLdaM5p4frEmu/DupWGW024F9bj/AJd7ptsq+yyd/o1Zck9pdP8AYb6Bop/+fa7Ta2fVezfVTW5B4g1CywuqWX2iEf8AL1YqSfq0Ry3/AHzmtRJNG8SWRUG11C36MhAbafcHlTRzSj8S+ZnzThpIwLDU9W0c7beY31qP+Xa5c71H+xJ/Rq6vRPEVjrJaOFmiukGXtphtkX3x3HuK5y68K3FtltHvzt7Wt6TIn0V+WX8c1g6nKltt/tu0n0+SI7o5s/KD6xyr39Bwa7KOKez1REqcJ/Doz1qlrz7w/wCLr+1tYjr0ZMD8rdIMtEvbzVH/AKEK7yCWOeJZYnV43GVdSCGHqDXoRmpLQ5ZRcXqS0UUVZIUUUUAFFFFABRRRQAUUUUAFFFFABRRRQAUUUUAFFFFABRRRQAUUUUAFFFFABRRRQAUUUUAFFFFABRRRQAUUUUAFFFFABRRRQAUUUUAFFFFABRRRQAUUUUAFFFFABRRRQAUUUUAFFFFABRRRQAUUUUAFFFFABRRRQAUUUUAFFFFABRRRQAUUUUAFFFFABRRRQAUUUUAFFFFABRRRQAUUUUAFcZ401M3Mv9hWzkBl33rjqkZ6J9W/lW94i1ZNG0yS62eZJkJDEOskh4VRXC2kDwxs00nm3EzmSeT+/Iep+g6CubE1eSNludGHpc8rvYqa7BezaW9vpuxXbCkZ2kJ3Cnsa4e4WWzSSGS2e3mijLLE4xwBwR6ivSa4bxzcKdTEakswtDGwUFthY8A1xUZNux2VFbU6jQbGKw02JUYsZQJpJG4LkjOa4szi6uLi6HSeVpF+mcL+grrNfnNj4caNDiSSNLdPqRg/kNxrklUKFVRgAACqp63Ypdkdr4PgWfwusLdJjKr/iSDXDW24W6BxhlG1h6EcGu38CSA6NJDnmG5cfgcEVx2oD7PeakoH+ruZsfTcSKIfE0OT91Mfa3NxY3UV7a/62Ing8LIvdT7GvQ9K1O21a0W5tmOM4eNuGjbuCKxI/COnzaRAELR3rRq5uwcsWIyc+q+1X/DWiyaPBcCaZJZ55A7FFKqAAAAASaipKMl5mlOMovyNiiimvJGhw8iKfQsBWKuzYdTJoo54XhmjV45AVdG6EUedFjPmx/wDfQqtc6rp1quZ7+2T2Mi5P0HU0JPoJ26l7S9dvtJhNlPZ3OoLH/qJ0YZKf3XJ/iFa1r4u0yWQQ3PnafK3QXabFb6N92uBn8XxiYCzsJbmAfelZvKLf7qkZP44rZ06/s9Ys2eHDpnbJFIvzIfRlNdkcTOO6OaeCW+qPRlYMAykEHkEUFgBkkCvNJ7OxsLWWczT2dsgLOI52RP8AvkGuSiv9MOpTz3Gm3C2cqoEZ2MjIRnJZQcgGtli01exz/Up9D3mivKtPSOKMXeiXzWpPR4X3xN7MpJBrR1DVtX1e2FncRQ2UDDFwYJi7TD+6MgbFNUsVBq7M3hpp2PRKWvNbDUNT0s/Z7C+imiXpbXWX2D/ZYHOK1h4x1Mff0OE+6Xv9NlVHEQa3JdCa6HZ1z/jLVX0/TRBavi9vCYYD3T+8/wBFHNZh8Y6ofuaDB/wK/wAfyjNY8stzf6hLqN+qLOwCRRI29YU9AxAySeSampiIqOj1HToSctVoNhjitLZY1wsMKAD2AFafht49K8N3Ot3gwbrN2/rsxiNfyrGv4jetbaWhIa/lELEdRHjdIf8AvgNWz4okW6v7LSEAEKYup1HTapxGv4tXly107nVU95qCKelxTJbtPdf8fd05nn9mPQfQDgVcoooZ2JWVgooopDCiiigAqpdabaXUoneMpcDpPExjlH/AlwT9DVuimJpPcpXGpazotnLcLfR30ES58u7TEh9AHTqT9K1fGrsfCdwsqhJJTChTOfmMikgVnxw/2jr9hZYzFb/6bN/wE4jH4vz/AMBqLWrw6trZRTmy01yo9JZ8cn6KKTWqOKcU52iDcMcetQ2d/ceGt91Z4axHzTWROB7tH/dPt0NS02G1/tHWNO04jKSS+dMP9hOSD7E7RW9By51Y0qqPI7no8UnmRq+0ruAO0jBHHQ+9SUUV655YUUUUAFFFFABRRRQAUUUUAFFFFABRRRQAUUUUAFFFFABRRRQAUUUUAFFFFABRRRQAUUUUAFFFFABRRRQAUUUUAFFFFABRRRQAUUUUAFFFFABRRRQAUUUUAFFFFABRRRQAUUUUAFFFFABRRRQAUUUUAFFFFABRRRQAUUUUAFFFFABRRRQAUUUUAFFFFABRRRQAUUUUAFFFFABRRRQAlBpa53xnqctjpX2e1cpeXreRCw6pkfM//AV5pN2V2NK7sc1q2oDWNZku9w+xWJaK3PYt0kk/9lFcEmrNJr8WqyTSJambaRk7VhwQCR7naTW14onSy0qDS7X5PPHlgD+GIfermxgYAGAOgrzr87cmego8q5UdNqviS3hjaLTpEurphww5SP3Y/wBK5uxtjc6jZ27OztPcB5XPV8fMxNMAAGAABWr4ViEuuM//ADwtyw+rHFKyhFlXcmWfGc5e6sbfPQPO31+6tYVaHix2/t1goBYQxRoD0yWP+NXh4SmI51Qh/aFdtEWoxVwauw8D3Ii1S7tCeJ4xMn1Xhqo+JrbyPEN6jD5LgJOv0I2t+q1m2V3cafqcF4/lbLScq5GQSmdrH+tdh43sGms4tRhUs9pneB1aI/e/LGaH7s79xr3oWJ/Bt+bvSRbSHM9kRC/uv8J/Kt6vOvDupQaZrAnuJGS2mgKOyqzAnIK8AGtgeLGn12zjt4yunO4hcuMNIzcKwHYA1nOm73RpCokrM2/EGpHStPM0cYed3EUSt93ce59hXCSQLcSvPdhbm4c5eWRQST7egHYV6BrGnjVNOmsycM4zG/8Acccqa4GB2kiVmXDchx6EHBFTF6Hp4KMJSaa1I/sVp/z6wf8AfAqSOGKL/VxIv0UCn0U7npckV0CnW09xZXa3dnIEnA2sCMrIvowptFNMU6cZq0tifUb+91Z4zetGI4juSGIHbn+8SeWPpUFFFFxU6UKatEbEJLeYz2kz20x6snRv95Tw1WLrUNSvUEdxciOPGClsCm/3LdfwFQ0UXIlhqUpczRWa1tEXcYo49pz5g+VgfUMOc1oW3ii6t4hC0lrdEcLNK7K2P9rCkGobaS3g1O0nvIw9shYMChcKSPlJUA10TeIdFZNjTZX+6bVyPy2036XPPxbXPyqJzs9/fTTwXkl4zukqFEjO2JecEADrn3rumGGP1rnU0rRtYU3OnO0BSQBzEpUEjBwVYCty7uUtbaa6lHyRIXYDqfYe5qJtM46kot+6rD9HsLjU9Xu723vns/sCi3idUV1ZyA0m5T1AGzoRSaK894txqd06PPeSEh0UhTGuVTAJOAfmb/gVXpIp9D8BNFnF/cIFZv8ApvO2P0Z6IIY7eCKCIYjiQRoPQAYFZ817nNRXNJyY+iiikdYUUUUAFFFFABSjqBSVR1hpHtFs4G23F9ILaM9wW+8R9FDGmlcmTsriWl69joF5rMODe6tOIbIH+6MrGfpjdJUVpbJaW0VvGSVQY3Hqx6sT7k8mn37RXOt+VAALLSIxawqOnmYG8j6LtWn02c9JXvJ9QrX8C2vn3V/qzDILfZIP91D85H1fP/fNYF9M8Fq7xJvnOEiT+/Ix2qPxJr0HRNPXStKtLBDuEEYUt/eb+JvqSSa7MHC7cmY4uVlyo0KKKK9A4QooooAKKKKACiiigAooooAKKKKACiiigAooooAKKKKACiiigAooooAKKKKACiiigAooooAKKKKACiiigAooooAKKKKACiiigAooooAKKKKACiiigAooooAKKKKACiiigAooooAKKKKACiiigAooooAKKKKACiiigAooooAKKKKACiiigAooooAKKKKACiiigAooooAKKKKACiiigBO1ef8AiC4N/wCKJyMmKwjEEeP77YZz/wCgrXfsQFyeAOTXlNrckadcai4+aZpbpvqSTXLipWhbudGGjeV+xx+vXJvdXuZFchEkW2QjqADhiPq1Xtf0SLSIIriC5nkUyiJ0lIPXOCMAViW6kw2wY5ZpELH1JIJro/GV0JbyCwU8RHz5fr0UVz6ppI6lqm2YdbPg9h/ad4vcwqR9M1jVY0u8XT9Vt7pziE5hlPordD+BpyV0JOxseINEvb7Vori2EZhkCJIS2DHtOScd66XvUV3cxWltLczNiGJS7sBniq+l6pa6pE8luWBjOHRxtZPQkehrmd5L0Nkkmcnr9mLXWLmIr+4uh5yfjwwrrvCV6b3Q4Q53TW+YJfcjoT9V2muY8S6jDqF3FDbBXS1Y75+zEjBVfUepqPQNVGj6i0spP2OcBJ/9gj7sn4dDW0k5R8yIy5ZeRP4k0T+x3NzbA/2dI3K/8+5P/sprMtub+wGet3D/AOjFNem/u5ov4JIpF9mVx/Ig1nQeHdGt7hbiLTolkU7lOWIU+oUnAqFVsrPct0ru6LuoX0GnWs13cNiOLnHdj2A9zXncXmFGeUYeRjI49CTnH4V03jfcY9MH8BuTn67CVqhpWiWt94el1Cd5/tTLK6sshUJjO0BaUUkrnfQqKkud+hl0UyBmeCNm6soJp9NnsRd1cKKKKQwooooAKKKKAEZ1RWdmAVRkk9AKdGl3KoePT710IyreUQCPUZpv7s3NmJiBAbmPzCegGe9d4ScnPWhu2p52LxU6c+WJieGLK7tUu5bqPyfPdWSIkFhgYJOPWtVbcajrGn6d1Qv9pn/65ocqPxepaveC7cSi81dh/wAfT+XD/wBckOP1aspS3kzxq9R2b6sm8XOZbnR7Xs9y0zfREYj/AMeK1DWrrGi2+rGCSSW4gmt93lSwvtZM4yOQQQcVjT6brlhkoYdVhHpiKYD6HKtUQlFxS6kUakYqzJKKqW2o29xMbfLw3Q628ymOQfRT1/CrdW1Y6077BRRRSGFFFFABWTdrazyalf31ulzZ6VAY0hcZWS4f+o+VQavX90LGzmuWXdsHyr3ZuigfU1U1C1NlbaPojsGny2oXp/vPnjP1c/8AjtUtDnru9ooi0u0Njp8FuWLOoy7k5LOeWJ9yatUUjOqKzuwVFBZmPYdSaW7KSsixoVr/AGj4mtkIzDYL9pkP+22VjH/oTV6FXM+BrNoNH+2TKUn1BzcMD1VSMIv4KBXTV69GHJBI8urPnm2FFFFbGYUUUUAFFFFABRRRQAUUUUAFFFFABRRRQAUUUUAFFFFABRRRQAUUUUAFFFFABRRRQAUUUUAFFFFABRRRQAUUUUAFFFFABRRRQAUUUUAFFFFABRRRQAUUUUAFFFFABRRRQAUUUUAFFFFABRRRQAUUUUAFFFFABRRRQAUUUUAFFFFABRRRQAUUUUAFFFFABRRRQAUUUUAFFFFABRRRQBT1hzHpN646rA5/8dNeU3reV4OmI/58SB9Stesaou/TLtf70Lj/AMdNeRaox/4Qxj/0wQfqBXHit4nXhupzEKj7VZJ2NzEP/HhUuomabW71Am65luzEinj/AHR9AKZCQt7ZE9BcxE/99Ve8XWzRa00kR2tPGsqN6SIcZrK/vG1ipe2d3p1ykF2kIMiF0aJywIBAPUD1qtMAYZA3Qqc/lW34imF/p2j6mowHyjD0LLkg/itYk6GSGRFOC6lQfwxRFgztreBr3wylu/LT2mwn3K4rhY0juIYpJI8sUGc/yNegaLdR3ml208QwuwKV7qRwQa47UrY2WrXdtjCl/OT/AHWJP6NuFZ03ZtFyWzK4UKAAAAOgFLRRWpJNY3t9poK2N5JAhOfKIDJ+CnOK7Lwnql1qlpdPeFDJDN5YKLtBG0GuHrqfALfutTT/AKbq3/kNRWdRLlLpt81jZ1/TX1TTWgidUnV1kidhkKwOefaqLT6ZoWhtpr6hCZUhddpYF3Yg5O0Vn+Lb+Wa//s2OV0t4ow82xipkJ6KSOwArnlktLYmNTHHg4IVcAfUiojHTU9Cnh3NczdkSWwIt4gRghBUlFFDPZirJIKKKKQwooooAKKKKAGXCB7eVG6FD/Kuy0mRptLs5H+80Klvyri7hWkj8mP8A1kxESfU8V3kMSwQxwp92NQg/AYpS2PJzBpzSRX1J5Tbi3t/+Pm6cQQ/7zHGfoBzXdWdtDYWUNpFhYLeMIpPAwB1Ncr4dt/tviF7kjMGmpsX3mcc/98p/6FV7xdctMsOiwsQ94C1ww6pADhvxb7tYTXM1E8Wb5p2RSg8Q6tNNJqNvBHcaW7YhtvuSmMcCRSeCW6hTXQaVrNhqyt9knzMn+shcFZY/ZlPIrGVQqqqqFUAAAdAKr3lja3pRp4syR/cmUlZI/dWGGFOUIyNXh9NGdNqWm2eqQ+TfW0c6jpuHKn1B6g1g3GhalYZbTbkXsA/5drtsOPZZf6NUUF3rlhgRXMepQD/lnd/JKB7SKMN+IrQtvFVgzrFfpNps7HAW6GFY+gcZU1KjOO2qMmpwMmLUoTcC1uFls7s9ILkbWb/dPKsPdSauV0F1a2mo2nlXUEN1bPztdQ6n3FYUvhma2y2k6hJEva3usyx/QE/MtUpxej0NY4j+YZRVWV9Us/8Aj+0icqP+WtmfOX8hhh+IqrJrMMyiDT28+/lYRxQMrKd3qwI4A6k1SRsqkWr3Lun251XX40xm104iST0ecjKL/wABHzGqZn+36xqd/nKNL5ER/wBiPj9W3Gt6VI/C3hS4KOXeCNnaU/elmbq31LGufsLY2llBbk5aNAHPqerH86Sd7s5oe/PmJ6hktzqN3aaWv/L5JiT2iXl/8KmrW8DWn2i8vtWb7o/0WD/dU5c/i1dGHhzz9Cq8+WB2KIEUKoAUAAD0FOoor1jzAooooAKKKKACiiigAooooAKKKKACiiigAooooAKKKKACiiigAooooAKKKKACiiigAooooAKKKKACiiigAooooAKKKKACiiigAooooAKKKKACiiigAooooAKKKKACiiigAooooAKKKKACiiigAooooAKKKKACiiigAooooAKKKKACiiigAooooAKKKKACiiigAooooAKKKKACiiigAooooAr3/wDx43P/AFyb+VeR3UTTeD5UUZb7KWA9SBmvW9S40+6/65P/ACNeaaUB/ZlqCOPKFcWLduVnXhdbnn8r4hWZOdhWQfmDXVeM41ks7W8TkRTAZ/2XFc7fWJ0+7m0+T7gBMR/vRnp+I6Guk05BrvhE2jvtcxmBn9GU8GsZvZm8dbor2Vi994JWBBmYhpYfqHLLXPxuJY1dQQGHQ9R7H3FehW0KW1tFBGMJEgRR7AYrm9e0KWOeS9sIzIkh3TQL94HuyD+YqITTbRUo9iDwte/ZNSazc/ubv5k9pAOR+IrQ8X2LSWseoRKTJa53gdWjP3vy61yu4TL+5fbIhDKejIwOQSPY132k366np0V1tALgrIn91ujCnNcr5kEdVZnDcEAgggjINFW9Y006RdhFB+xTE+S39w9Sh/pVStE76okK6TwE4+0anH/1yf8AQj+lc3VzRLq5stZtjafM1zIsEkR6Ouck+xUbiDRJXiyouzLevRTW2v3LXC4F2weB/wCFgFAI+oxnFbvhOBZ/CywbRifzVbjhiSRk1f182SaTcS6jbrcW0Q3mPAJJ7Yz3rDbxRDBYG2sdJu4GWMpCCYwqHtnDE4FYL3lod3NKcVBLY5yxffZW7esYqemQRiGCOIdEULT6b3Pbgmoq4UUUUigooooAKKKWgC54et/tOs+aRlLNN3/bRuF/IV1F3cJaWstzJnZEhcgdT7D3NZHhFANPnn7zXDnPsMKK2ILf+0tcsrEjMUTC7uPop+Qfi/8A6DUyep85ianNKUmdF4dsv7G0JPtZVZirXN03o7fM34DoKwdNd7x7jV5lIkvmDIp6pCP9WPy5NaXjCY3H2bRUP/H4TJce0Ckbh/wI7VqOso7X7nNh4395hRRRTOsKR1DoyOqsjDDKwBB+oNLRQIox6e9kxk0m6ksGJyY1+aFvqh4/KtOy8TGF1t9ahSzdjhLlCTbyH6nlD7NUVJIiSRtHIiujDDKwyCPQg05JPcynRjLY6nkUhALBiAWAwG7gVx1heyeHGVJWeTRSQPmJZrP/ABj/APQa7FSGAIIIIBBHIIrCUHE5JRcXZnL+Mp/PudN0tejObqYf7KfdB+rlapVAtx/aOp3+p5yksnkwf9coyQCPq241PW6XKkjopRtEr38skVsfJG64kYRQr/edjtA/M16Fo9hHpWm21hEcrBGFz3Y9yfcnJrj/AA1a/wBoeJBKwzBpqbz7zOCB/wB8puP/AAJa7+vTwtPljfucWJnzSt2Ciiiuo5wooooAKKKKACiiigAooooAKKKKACiiigAooooAKKKKACiiigAooooAKKKKACiiigAooooAKKKKACiiigAooooAKKKKACiiigAooooAKKKKACiiigAooooAKKKKACiiigAooooAKKKKACiiigAooooAKKKKACiiigAooooAKKKKACiiigAooooAKKKKACiiigAooooAKKKKACiiigAqGeeK3iaWaRI4kGWdyAFHqSaztd1210WFfM3S3EuRDbx8ySH29B6k8CuIvGu9WmE2rOHVTmO1j/1Uf/xTe5rGrWjT33NadKU/Q2NW8WNfxS22jQCSN1KG8nysYBGDtHVqx7aEW9tFAGLCNAuT3qWivNq1pVNzvp0lDYrXun2d+qrd26ThCSu7OR9CKmhhigiWKFEjjUYVFGAKfUN1dW9om+4mSMdtx5P0Hes029EaWS1JqKwbnxPbpkW1vJMf7zHYv9TWbL4i1Fz8rQxjsFTP881apyZLmjo7/SbDUTuubZGftKMq3/fQqPSNIj0lrgQXEzxzEMUkIO04xkEVi2niW6jcC6RJ4+5UbWH9DU194nYPixjjaIdZZQ2G+igginyz2BOO50F1bQ3lvJb3CCSGQYZT/MehFcTqul3GjsTIWmsyfkn7p7P6fWuy064kurGG4li8p5F3FM5xVggEEEAgjBB5BqYzcdBuPNqjzvsDXSeBrFZJbnUnwWQmCEf3R1Y/Umi+8LW7sZNPl+yMTkxFd0R+i8FfwqfS9DuNPjkWPWLpTK29xGiKpOMZAIJFaynFx3IimnqVvFl+by/GnRn/AEe1Ieb/AG5Oqj6DqayM5J5+tJqC/wBmahcw3czEu5lSV+swP06kHgitCDw9JLo63aIY9UbdKVbo4JyI2pWSR7FKvChTjbW+5QopkMizRLIucMM4PUexp9S9D0k01dBRRRQMKKKKACmTMyoBGheZyEjTuzHgCiWRYgC2cscKoGWY+gA6mug0HR5IJBfXygXOCIoeohH9WPentqzkxWIVKPKtzU0+1XT7CC1DjEKAM/Ynqx/E81ueCbYmyn1WUYfUJN6Z6rCOEH9awb+N7w2+mQnEl84hz/dj6ufwWui8WTC20aPTbU7HvSLSPHVEx8x/BBWE3fTufOVm2+UybGY6jdXert0u2C2/tAuQn/fXzPV2mxokSLHGoVEAVVHYdAKdTZ1QjyqwUUUUiwooooAKKKKAKV5CdSu7bR0JAucvcEdVgX73/fR+WtvxTetp2hSJa4S4nItbcD+Fm4yP91dzVW8Hw+eLzWHHN2/lw+0KEgfm241Q8Qz/AG3xIsAOYdNi595pBn9E/wDQqW87dEcM37SZXt4Y7a3it4lxHEgRB7AYFFxNHbQSzynEcSl3PsBmpKS3tP7T1ix03rEX+0T/APXNCCB+L7a1hHnlY2lLkjc6zwfp8unaJF9oXF3ck3NwPR25x+Awv4Vu0UteylZWPJbu7hRRRTAKKKKACiiigAooooAKKKKACiiigAooooAKKKKACiiigAooooAKKKKACiiigAooooAKKKKACiiigAooooAKKKKACiiigAooooAKKKKACiiigAooooAKKKKACiiigAooooAKKKKACiiigAooooAKKKKACiiigAooooAKKKKACiiigAooooAKKKKACiiigAooooAKKKKACiiigArE8Sa8mjwIsaCe+nyLeDONx7s3oo7mrmr6lBpOnzXtwT5cYztUZZz0Cj1JPArz+P7RPPLf32De3GN4HKxL2jX2H6msK9ZU4+ZtRpc78ghhk86S7upjcX03+tmIx9FUfwqOwqaiivKlJyd2ekkkrIKR2CIzuwVVGWYnAApa47XtVN/MYIW/0SM/hKfX6DtThHmCTsWtT8Ru5aLT/kT/AJ7EZJ/3QawWZnkMjuzuerMcsfxNFWNPs5NQu1t0OAeXf+4vr9fSulJRRk3cdpunXGpSlYQAinDyt91fb3NO1fTzpl2sBk3h13qcYPoQRV/WdRFsBpmnHyoYRtd16k9wD/M1h4+ufUkk0K79BOxLbW013OsEEZeRu3QAepPYVuJpWn6Sqz6pOs0vVYQOM+y9WrBillgYtDNJCzABihxkehq5YaVd6pDfXVsm/wCyRh5Acsz5PQfgGNKS89BXtuXLzxJdzMRbItunYn5mP9BVP+2tUzn7a/8A3yv+FUAQQCOhpaaikVds04vEOpp1likH+3Hz+YIq/B4o7XFp/wACifP6HFc7RScIsE2jt7PWLC7wI7lVf+5J8rfkav8AOQa84IBGCAas2l/eWf8AqLl1X+4fmX8jUOl2KU7GzrGiTpcSXmnx+YspLSwDAbd3ZPr3FY6mV5PKjtLppunl+UQc++eBWva+JyOLy2+rxH+amt1L6F7H7ZvcW+3dllKnH0NJtrRo66WMnCPKnoc9B4e1GYAzT29qP7oBlYfXoKlPhi4A+TVQT6NbD+jVe/4SLTf+ekv/AH7NH/CRab/fk/74NTeXYl4qo9eYxp9G1aDnyYbpfWF8N/3y2Kqww3lzP9mgtJhP/F5yFFjHqxNdH/wkWm/35P8Avg1bsNSt9QEn2d3IjxuypWndrVotY2qla5X0nRINPPnO/wBouyMGZh09kH8IrToqtqM729ozQpvuHIihT+9Ix2qPzNZ3cmc8n9pml4St/teqXuptykGbSD6jmQj8cLSXk32/xLcy5zBp6fZo/TzDhpD/AOgrWxGsHhnw1jduSygLM3/PR+pP1ZzWFpNvJbWESzHM75lmJ6mRjlqmLu3I56K5p3ZbooooO0KKKKACiiigAqlrDy/Y/s9u2Lm7dbeE+hY4z9ANxq7TNIi+2+JjIeYdMhyP+u0gwPxCf+h013M6suWJ0aLbaVpyqvyWlnD/AN8og/wFcLpZkktjdzjE147XD+xY5A/AV0PjeYrowskbD38ywD2UnLH8hWVgDgDAHAqKa92/c5qK6gBkgVteArUSR3mrsObqTy4T/wBMkOB+bbjXOagZTb+RAcT3TrBF/vMcZ/CvSbC0isLKC0gGIoUCKPYCvQwcL3kzPFT+yizRRRXoHEFFFFABRRRQAUUUUAFFFFABRRRQAUUUUAFFFFABRRRQAUUUUAFFFFABRRRQAUUUUAFFFFABRRRQAUUUUAFFFFABRRRQAUUUUAFFFFABRRRQAUUUUAFFFFABRRRQAUUUUAFFFFABRRRQAUUUUAFFFFABRRRQAUUUUAFFFFABRRRQAUUUUAFFFFABRRRQAUUUUAFFFFABRRRQAUUlZviHURpWkXV71aOM7F/vOeFH50m7K4JX0OR8R3p1TXTArZs9Nb8GuMdf+Ag4qvUFlbm2tY4nbdIAWkb+85OWP51PXj1p88mz1aUOSNgqql/bvfy2O8i4jAO0jhhjPBq1XKYMvjIYOD53X6Jg1MY3uVJ2OrrmPEulpABfW6BUJAlUdAT0atSw1mK9v5rRY2XYTsfPD4ODWhNFHPDJDKu5JAVYe1NNwYP3keenA610Nk66LoZunA+13XKKf0/AdTWYukzLq8WnygkM2d/Z4xySKTXGdtWuQ7lgj7UHZFwMAVu/e0M1oUhnuSSeST1JoooqxBXovwsQDTb6Xu04X8hXnVeg/C24j+yX1oXAmEglCdypGM1hiE+TQiZj+PPDw0q7+32qYsrhvmUdIZP8DXKgg9CK94nhiuImhnjSSNhhkcBlP1BrKvfDOj3FpLENNt1JQ7Si7WB7EEVlTxNkkyVKx47RVzTdH1XUSI7fT53ccOShVVPcEmup074dXUuGv72OD1SEbm/M10yqRjuy3NI4qkLAdSK9XtPAehQD57aa6PrM5I/IYrTj8O6NCMLpdqB7pn+dYvFRXQn2lzyjw9awXd8zzlTBAhkYH7pOeM+1Sa5rJ1DNvbki1ByW7yn/AAroPiRYadYw2KWtnDBPMzFmjBUlQACCB1GTXE1pBqfvFxldBRRRWo7E1lay312ltEQGbJLHooHU129jZRWFusEIOASWY9XPcmuHtbme0kaSB1VihTJXPBq/p2vXdntSUm5gHZjhh9GrOpGUtiotLc7GnaLb/b/EiEjMOmoJT7zOCF/Jdxqla6jaXVs1xHOgRBl95ClPrnpT/DPiG3tRqkdvbT3tzLd+YoiUqrr5aAEu2AAMYrn5ZJPuFV3Vkd1cW8N1A8FxEksUg2vG6hlYehBrnLjw7d2OX0a4EkI/5crtyV+iScsv0bIpP7c13duGm6eF/wCeZuGLfnjFWrTxRbPKkGowyabM5wvnEGJz6CQcVkozhsYWnHVGVDqEbXH2S5jks7wDmCcBWPup6MPdat1v6hYWmowG3vraOePOdrjofUHqD7iueuNC1HTudMn+224/5drpsSL7JJ/RqpTi/I3hiOkh1FVLfUIJp/s0iyWt53tp12yfh2Ye61bqrHSmnsFFFFIYyeaO3glnmbbHEpd29ABk1peE7OS10dJbhNt1eObqYf3S3Rf+ArtWsS4g/tPUrTSRzG7Ce59okOQD/vNXYXE8drby3MzBY4UMjk9AAMmoqOy5V1OOvK7scl4gm+2eJhEDmPTof/Ikn+CioqqaZ5klu13OCLi8kNw4PUbvuj8F2irTusaM7kBVBZiewrS2yRcFyxLnhe2+2+JvNIzHp0W7/trJkD8lBrva53wPZtb6DHPKuJ75zdP6gN90fggUV0VexRhyQSPOqy5pNi0UUVqZhRRRQAUUUUAFFFFABRRRQAUUUUAFFFFABRRRQAUUUUAFFFFABRRRQAUUUUAFFFFABRRRQAUUUUAFFFFABRRRQAUUUUAFFFFABRRRQAUUUUAFFFFABRRRQAUUUUAFFFFABRRRQAUUUUAFFFFABRRRQAUUUUAFFFFABRRRQAUUUUAFFFFABRRRQAUUUUAFFFFABRRRQAUUUUAJXG+Ornz7zTdMUj5WN3KPZeE/NjXT6nf2ul2E19eyiK2gUu7nsK86t7p9SubnVZWQy3ZBCK4bykH3EyO+Dk+7Vz4mfLA3w8OaZYoooryT0wrkrYt/wl3/AG8Sj9Grra4y8maw8RyziMuYpi+0dSGH+DVtS6mcylb3E1ndedA+2SNmUHAIIzggg1onxHqJ7Ww+iH+prJyTkt1JJP16mit+VPcz1R2GgahLqFvLJcrGGifGUBHGM1yd1P8Aabue4/56yFh9Ogq9YXqW2iahEJAtxKwVF74IAyKzcAYAFTGNmxt3CiiirEFSWtxNa3EdxbytFNEcqy9RUdOijkmlSKJC8kjBEUdWJOAKTtbUTsdxoXiHxJ4hulsYXtbZEwZ7pIcsi/iSuTXcXV3aaZaiW7uVhiQAb5X5P58kmuUvriLwL4bhtLbY+p3BJLEZBbux9h0FefXt5dahcG4vLiS4l/vOc49gOgH0rk9l7R3WiM1Hm1R3OrfERVzHpNrv/wCm0+Qv1C1yl94j1q+YmfUpwp/gjPlj8lxVbSNNudXv47K0Vd7Aks33UHcmpNd0mbRdSeyncOQodJAMBwe4reMIRdkUlFaFJnkZtxkkJ9dxrsPhxb3t1qkl01xOLO2Ugrvba7noPwFcrp9lPqV9DZWy5lmbavovqT7AV2Go+JY/DMQ0PRIo3NrxLcSjIL9TgDGTSq6rljuKb6Ij+KbE6lpy9lhcj8xXF103jGHUHstF1G/vBO9zCSVEQRUJCtgYrmaqirQSHDYKKKK0LCiiigBFG2WOUBd8ZDKSAwz7g8Gu50PxDDqO23nCwXfZRwsn+7/hXD0hANTKKkhxlynqlNljSaNo5Y1dGGGRhkEe4NclovidoAsGpFni6LP1Zf8Ae9frXWRSRzRrJE6vGwyrqcg1zSi4nRGSkV7ZL/SQBpV0Dbj/AJcrklo/ojcsn6itay8UWcsiW9+j6bdMcKk+Njn0SQfK1VKbLHHNG0UsaSRsMMjgMrD3BqJRjLcznQjLVaHQahp1nqdv5F9bRTx9g4zj3B7GsKfw/qFn82l3wuIf+fa+Jb8FlGWH/Ag1Ure1utN50i9e2X/n2lzLAfoCcr/wE1oweKRBhNZtHsv+m6EywH/gQ5X/AIEKlRlH4dUc7hOnqjMfU1tXEeqW02muTgG4A8tj7SDKmrM9xDBavdSyAQIpdnHIxXURyQ3dvvjaOeCQdVIZXH8jWSfCmi/aI50shDscSeVE7LEzA5BMedtHtF10LWIl1G+FbCWC2lv7uPZeXxEjoesSYwifgOtV/G04e2ttJU830n732hTBf8/lWul5JrhZ7j+0tcvr/OYo2+yW/wDuofmI+r7vwVaUHzS5jKK5pEnWq91B9ultdMz/AMf86xN/1zGWk/NFYVYqK5t47mLy5QcZDKykqyHsVYcgjsa2ptKSbOqavGyPTAABwAB2p1cf4b8RTCePS9WkBnbi3ufurcY/hPo4/I119ezGSkro8qUXF2YtFFFUSFFFFABRRRQAUUUUAFFFFABRRRQAUUUUAFFFFABRRRQAUUUUAFFFFABRRRQAUUUUAFFFFABRRRQAUUUUAFFFFABRRRQAUUUUAFFFFABRRRQAUUUUAFFFFABRRRQAUUUUAFFFFABRRRQAUUUUAFFFFABRRRQAUUUUAFFFFABRRRQAUUUUAFFFFABRRRQAUUUUAFFFFABRRRQAySNJUKSIrqeoYZH5Vwniqwt9P16xltoYoUuoJY3EahQzDDA13tcf48H+laEf+niX8vKasa6vTZrRdpox6KKK8c9UK5TxXbmO/juAPlnTB/3hx/Kuo8yP/npH/wB9Cquq2aalYyQK6FxhkYHO1u1aU3ysiWqOHooIZWZWUqykhlPUHoRRXUZBRRRQAUUUUAFdh8NdLFzqM2pygeXaDYhPTzD1P4CuPr0zTwdC+HLzqMTvbtN9WfpWNaTUbdyJvocN4l1M6trlzdZPlK3lxD0QVllgoySAKQKFUKOwxXqHgHStKOjW9/HBFLeEnzJHAZkbPIH92nOapxBvlRX+Guky2trc6jcRNG1zhIgww3ljv+Jqb4kaX9r0ldQjXMtkct7xnr+Vdfya5fVPE9q2tW+h28aXPnSCG6c8qoPBUY6muOM5SqcyIvrcyPhtZrBaahrLgblBij9gBuNcGzmYtKScyEuT9Tmuz1p73wx4bk0MwHZczOkd2rgh4+pBHUNtFcZXXSV25FQ1uz0PXLf+1fhzY3MYy9rFHL/3yNr155XefDfV4mil0S5xhtzwA9GB+8tcr4j0aTQtVksyD5By9u/95P8AEdDSpvlk4MIOzsZtFFFbmgUUUUAFFFFABViwv7vTpC9pMUz95Oqt9VNV6KGr7h5o7HTfFdvNhL5Psz/3xzGf6rXQqyuiujBlYZDA5BHqDXltWtO1K70x82suEJy0Tco34VjKknqjWNW2jPSaKxtJ8RWmoFYpP9GuT0Rj8rf7rVs1g01uap3KP2BrWVrnSZfsVznJUcwyn0dOmD6jmuk0PVRqto0hiaC4hcxXELHJjkwCQD3BByDWJdXEdpbS3MzYhhQu59gMmtTwvYz2tjLPdrsu76Tz5Y/+eXACp9QoXPvUVNY3ZzV4xVrbknibUH0zRbiaE4uXAhg/66McL+XWuYs7ZLS0itk+7EgUe9XfE9x9s162slOY7BPOk/66MMKPwXcagqorliKiuoUVi+ItUlsvJhtnCzsd7EjIC+h+tW9I1SPUoTgbJ0+/H6e49RVOLSubcyvYtXNvFdQtDMuUb8CD2IPYjsa6Lwnrssz/ANk6k+69Rd0Mx4+0xjv/ALw6EVhVDdQNMimKUw3ELB4ZR1Rx0P07EdxWtCq6b8jKtS515np9FY/hzV11nTROyCO4RjFcRZyY5B1H07itivWTurnmNWdgooopgFFFFABRRRQAUUUUAFFFFABRRRQAUUUUAFFFFABRRRQAUUUUAFFFFABRRRQAUUUUAFFFFABRRRQAUUUUAFFFFABRRRQAUUUUAFFFFABRRRQAUUUUAFFFFABRRRQAUUUUAFFFFABRRRQAUUUUAFFFFABRRRQAUUUUAFFFFABRRRQAUUUUAFFFFABRRRQAUUUUAFFFFABXF+OHD6tpEA6xiab/AMd2f+zV2dcB4imFx4rumz8lnbJDn0LEs38lrDEO1Nm1BXmitXP+JtUlgcWMGULoHeQdcEkYH5VLoesG+urmGQ4JJkgH+x0Iqn4rs5ROt8BmDyxG/qhySCfY5rzYRtLU9CT93Q57y4/+eafkKu6TenTLtZlX923yyoB1Hr9RVWiui1zM6HxHp6yoNTtcOpUGQL/EvZxXPVseH9WFmwtLlv8ARnPyMekZ9D7Go9e0r7BN50I/0WU8f9Mz6fQ9qmLtoxtdTLoooqxBRRRQAhRpPkU4ZjtB969U+IeLbwjJFGML5kMaj0G4V5hakC7tyeglTP5ivTviX/yLDf8AXxF/Ouar8cTOW55bV/R9XvdGuTPZSY3cPG3KyfUVQoroaT3LautTpdT8cavf2xgQQ2asMO0OSxHsT0rN8LADxHpgH/PwtZlafhf/AJGPTP8Ar4Wp5Yxi7EtJLQ7X4pW7PpNncDpDcYb6MCBXm9e2a/p41XR7uyPWWM7D6N1BFeJDd0YYYEhh6HoRWOGleNgpvoOjd4pElikZJEIZHU4KnsRXf2Gqad4008aVq2LfUV5jkXjcf7ye/qtef0np7HIracOb1HKNzU13QNQ0KXF3HmAnCXCco31/un2NZldjoHjZoovsOtqbq2YbPOK7mA9HH8Qqzq3gm2voBf8Ahy4iaNxkQ78o3+43b6GoVRx0mSpNaSOFoqS6t57OYw3UEkEq9VkGDUdbJ3NE0wooooAKKKKACiiigBCARgitzR/ElzY7Ybrdc2w/F0+hPUViUUmkxptHoz/ZNa0uVI5t9vcRlC6dV4/Qip4/F0kFs9ndQedrkQCiGMEJKP4Zc9FQ9685sby6sZi9nOYnfCtwGU9slTwcV21nZxWSMsZZnc7pJXO55D6k1zTgluOS9puLZwPCjtNJ5tzM5lnl/vueuPQDoBU9FYeta4bOdYLTy5JFOZd2Sqj0471KTk9C9IoyvEdtcQak88p3pOfkf0AH3T9Kz7a4ltLhLiA4kQ8ehHcH2NdUssXiDSZUVNkw/gJyUfqpB9DXIA5FdMNVZmcu6O/srmO8tYriL7rjOO6noQfoanrlvCl55dy9mx+WUF09mHUfiK6mueceVmkXcl0e8/srX4J84tr4rbT+gf8A5Zv+fyV6JXl97bi7tJoCceYpAPoexFdt4Y1hdY0yOQsBdxAJcx9CkmOcj9RXfhal48rOLEws+ZG1RRRXYcoUUUUAFFFFABRRRQAUUUUAFFFFABRRRQAUUUUAFFFFABRRRQAUUUUAFFFFABRRRQAUUUUAFFFFABRRRQAUUUUAFFFFABRRRQAUUUUAFFFFABRRRQAUUUUAFFFFABRRRQAUUUUAFFFFABRRRQAUUUUAFFFFABRRRQAUUUUAFFFFABRRRQAUUUUAFFFFABRRRQAUUUUAISB1rx/VL4vpWpairfPf3Dujf7LHan5oq16P4vvHsPDeoTxHE5i8uL/fc7V/VhXl/ihFttMsrSPhFcIo9lXiuTEu9onVh47yOcid4JEkhbY8ZBRvQ12ul6hDqtqflAcDbNCecf4g1xNSW9xLazrPA+yReh7Eeh9RXPKPMdKdi9rektpsnmRAm0c4U94z6H29DWbXaabf2+r2royLvxiWBuePUeorEu/Dl2k7C02SQdULvhh7GlGdtGNrqjGrS03VjBC1neRm4snG0r1ZB7eoqpd2d1ZFRcwNGGOFbgqfxFQVdlIm9ie9tlt5AYZRPbPzFKO49D6EVBTXQMCMsMkHg45p1NAgooooAa5IUlThgOPrXqXj6ZbvwWbhPuSvbyL9CwNeX122j2mpeJvCDWQvoEitT5SQiLLOVwyhmJOB9BWFVaqRnPoziaKCrKzK6lWUlWU9Qc4Iorc0QVY028On6hbXgXf5EiybOm4A8iq9FDV9Aavoe62d3De2sV3bOHglUOje1eS+MdKm0vXLgsmLe5kMsDDoR3H1FaHgPxGNLuf7Pu3xZTtlHPSKT/A16FrOlWusWElldoSjcqw+8jdiK4U3Rn5GPws8Soq/rej3WiXzWt2vXJjlH3ZR6j+oqhXammro1TuFXNK1W+0ecy2Fy0RJy6dUf6rVOihq+jG0md/a+N9L1OAW2v6eo/2wvmx/X1WrMfhjwhqoD2NzgN0WC5/o2TXm9JgZzjB9RwaxdH+V2IcOx6Jqvw7t1s3fTJrn7SoyqTMGWT26DBrzwgqSrKVYEhlIwQe4NSJczxjCXE6j2kaoySSWJJLEkk9Se5NXCMlu7hFNbhRRRWhYUUUUAFFFFAAv31/3h/Ou08QTy22lyywSNHIHQBhjpkA9a4yMFpY1UElnAAHUnNdf4o/5A0v/AF0T/wBCrOprJFR2ZzEuo38ylZb2dl9AQv8AICqoAAwBgUtFaJJEm74PYi8uR6xg/jmsrU4xFqV2g6CVsD0Gak0jUDplzJKIfODpsK7tuOc56Gob24+13ktz5ezzDnZndioStK429COKV4JUmj+/GwdfqK7+3mS4gjnj+5IoZa8+rpfCV0Whls2P+qw6fQ9RU1Y3VxxdtDoK1fAvGq60P4j5DfUbWrKqbRbtdN8SW0z8QXiG1kY9FfO5Cfr0pYWVqhOIV4HodFIDmlr1jzQooooAKKKKACiiigAooooAKKKKACiiigAooooAKKKKACiiigAooooAKKKKACiiigAooooAKKKKACiiigAooooAKKKKACiiigAooooAKKKKACiiigAooooAKKKKACiiigAooooAKKKKACiiigAooooAKKKKACiiigAooooAKKKKACiiigAooooAKKKKACiiigAooooA5bx/n+yrIf8ALM38Qk/XH/j22vPfGOdln/vt/KvWPEGnjVdGvbHIBmiIRv7rdVP1DAGvJPEMjXmjabeFdu8hm9iV6VxYiPvpnXh5e60c/RRRUG4+CaW3nSeB9kiHKn+h9Qa7fTL1dQso7lUKk5DL6EHBrha6/wAK8aLEf+mkv/oZrKqtCovUl1i50/7HcW11cRAlD8mctu7YHrXFDOBnrjmnykGedx/HK7fqTTauEeUT1CiiiqEFFFFABXT/AA+1Uafrf2WRsQ3uI/pIOVrmKdDFNPKscEcrzdVWNSzD3wKmcVKNmKSTR1PxF0n7DrC30a4gvclvaQdfzrlK9aNjc+IvCi22rwNa3rL1bBKyDo/HrXld5az2F3LaXcZjuIjh1P8AMeoPY1lRndW7EwfRkNFFFbliEAggjINd34J8XCMR6XqsuFGEguGP5Ix/ka4WkIBBBGQaipBTVmTJXPcNW0y01aza0vYt8Z5B6Mh7FT2NeV+I/DF7oTl2BuLIn5Z1HT2cdjVzw14yu9IC212Gu7IdP+ekQ9ieor0XS9V0/Wbdns545lI+aM/eUejKa5Fz0X3RnrE8Tor03WvAWn3rNLYObGc9VA3RE/7tchf+Dtdsif8AQ/tKf34GDfmDg10wrQl1LU77mDRU0tpdwnEtpdJ/vQsv8xTUtriQ4jtbhz6JEzH9BWl0XcjorVs/DWt3pHk6ZOq/35cRqPrnmpte8L3uhWEF3dzQMJZPKKR5JQkEjk9elTzxva4uZbGJRRRVjCiiigAo9MAkk4AHJJ9BT4IZbmYQwRtJJ6L29yewrq9G0SOwImnKy3XY/wAKew/xqJSURpXGaBo5swLq5X/SWHyr2iH+Jqh4qvhLOtlGcrEd0nu3YfhWhretpZq1vbMHuuhPVYvr7+1ckSeSzEkkksepPUk1MIuT5mNu2iAkDqQKWvT/AAHodvBoAmvLeJ3vSZHEiA4Too5rzKYxmaUwgiEudg9BninCopNrsZxlfQbRXY/DOwiuNQvLqWJJBCgRNwyFJNZvjuCODxVdCJFVWWNtqjAB2ihVE58oc2tjArU8MMRrSD1hf+lZO4btuRn0rb8Jx79Tlk7RQ/zOP6VU/hZa3OsqK5gS6geCXOxxgkHBB6gg9iDyKlorkTad0bNXOj8Ja698p07UGA1K3UFj0E6dBIv8iOxrpa8xuIDKY5I5WguIm3QzJ1Rv6g9x3rrPDXiEamTZXiLBqcS5eMH5ZR/fT1Ht1FepQr86s9zza9Fwd1sdHRRRXSYBRRRQAUUUUAFFFFABRRRQAUUUUAFFFFABRRRQAUUUUAFFFFABRRRQAUUUUAFFFFABRRRQAUUUUAFFFFABRRRQAUUUUAFFFFABRRRQAUUUUAFFFFABRRRQAUUUUAFFFFABRRRQAUUUUAFFFFABRRRQAUUUUAFFFFABRRRQAUUUUAFFFFABRRRQAUUUUAFFFFABXK6l4A0C+LOtp9llOTvgbbz9ORXU0tJpPcE2tjyvUvhnfRZawvIrheySjY351y2paFq2mZ+2WE8a/wB/buX/AL6GRXvlLWToxextGtJHzgCK67wq2dH2/wByR/5k16TqHhnRdRGbnToC395F2t+YxXJS+GL/AEe4uV06yN3p7uJIwJh5ifKAw568iuerQlbQ3p14t66HmkZJjUnqQKdW7F4S1q7ku2ttPmRIZOI7gBHIPIwOhArNvNJ1KxJF1Y3MOOpZDj8xRytLYtTT6lSikDKehBpakoKKKKACtfw1r8+gXplRfMt5cCeLuw7EHsRWRRSaurCauj3PT7621Gzju7SUSQSDKsP5H0IqprWg6frcSpew5ZBhJUO10+hryzw5r13oF2ZYP3lu5HnQE4D+49DXrWlanaavZrd2UoeM8EdGQ9wR2NefUpypPmWxk1Y8/wBW8AahbBn0+ZLxP7jYST/A1yUsckMrRSo8ciHDo4Ksp9CDXr3iTxLaeH/JWeKaWWYEoiDsOpJNcF4u1+w14QSwWM0F3GcNIxXlPQ4roo1Jy3WhUWznKls1tnvIEu5XitmcCV0AJQeozUVFdLNHqdf4j8FSWNuLzSHlvbfGWjOGcD1BAG4VyMUjRSLLDI8cin5XQlWU+xFbWgeKNR0MLFGRPaf88JD93/dPUV05g8N+NdzwM1jqmMsMBXP1Xo1Yc0oaS1RldrcwdP8AHGt2YVZZIrxPSZfm/Bhit61+JEBx9q0ydD/0xkV/57a5bWvC+raOWeaAz246TQgsv4jqKxQVYZBBHqKfsqc9RpJ7HqSfEDRHA8z7Wn+9Du/lmpP+E88Pjpcz/wDgO9eVUVP1aA+RHoms/EG2W2A0hGluGON0yMqoK4nVNY1HVmU3908oQ5VMBVX6AYGao0VpClGGw1FIKKFUu6oqlnchUUdWPoK6jSfDqwkTXyiSbtD1VPr/AHjVSkolow7HSr2+UPFEFjPSSQ7VP07mti18Lxghru5Z/VIxtX8W61Z1TxBBaM0UCi4nHBwflT6mucvNRvL3Pnztt/55p8q/kKlc0h6I6Z9R0nSYzBCUyOsUI3Nn3Pr9axL/AMQXd0GSH/Roz/dOXI927fhWSAAAAAAOgFHApqC6icmwAAGAK1/C+iSa7qiwbSLWIh7h/RfT6mneHvDeoa7IrRIYbTPzXDj5f+Aj+I16rpGl2mj2K2lom2NeWZj8znuzGsq1ZRVluZSl0Rn+MtRXSfDdx5eFeVRBCv1GP0WvIRwK6Dxprg1vVcQPmztspF6Of4mrI06xl1O/t7GD787hM/3R1Yn6Cqow5IXY4Kyuek/DexNtoBuGGHu5S/8AwEcCuG8X3H2/xTetEesqwr6ZAC16Zrd7B4d8PSSQjAgjEMC+rYwteTaRay3mowBQW2SLLI/YAHP61lR1k5igru5sa9YwWGhrDCn/AC2U7zyzHuSal8Iw7bKaf/nrIQPoBir2v2v2rTJULqhBDozkKpIOcEn1qn4dvYBpNrFEJZ5yCWjhjaQ5z6gYrTWULG+ilqbdFPg0/XLzBg0loFP8d3IE/wDHRk1o2/hHUZeb3VViHdLSL+TtzTjhqkuhMsRBGUzBBuZgo9ScU3RJ4b7xPpX2U/aPs8khkeMFljyhHJ6CuqtfB2iwNuktTeP/AHrtzL+h4reijSJAkaKiKMBVGAB7CuqlheRptnNUxPMuVIkooorsOUKKKKACiiigAooooAKKKKACiiigAooooAKKKKACiiigAooooAKKKKACiiigAooooAKKKKACiiigAooooAKKKKACiiigAooooAKKKKACiiigAooooAKKKKACiiigAooooAKKKKACiiigAooooAKKKKACiiigAooooAKKKKACiiigAooooAKKKKACiiigAooooAKKKKACiiigAooooATFIRuBBwRTqKAMu+8PaRqBJutOtpGP8WwA/mKwL34b6JPzA1xbH/Yk3D9c12dFS4RZSlJbM8wvPhhcrk2mpxOOyzIV/UVjXXgPxFb/AHLWOcesMo/rivaKSodGLLVaSPALnRtUtMm4027jA7mI4/OqBIHXivo6q9zY2t0P9ItoJf8ArpGG/nUOh5lrEPqj55yKu6Tql5pF4Lqyk2v0dDysg9GFezXPhHw/c/6zSrcf7gKf+g4rMn+HOgS/dS5h/wCucv8AiDUOg3oV7eL3RnQX2j+OdNNlPm3vF+cR5G+Nv7yH+IVxmseE9Y0p2/0Z7uEdJYFLfmvVa7Ob4YWm8Nbapcwsp3IxUEqfYgiteG18Q6ZGsZki1mMcbiRBKPr/AAmuZ4epT1hsJVUtmeMlgGKk4YdVPBFGQa9kmnvbhMXnha4kX0aSCT/2auX8S6FPq8lpFpHh1rKRS7TO0KRKRgYBYU4+0bs4lqsjhKASrBlJDKcqwOCD6g10D+CfEaddOLf7simoH8Ka+nXSrk/QZrXkfYvmg+praF48vrMLDqam9g6eaMCUD+TVvnTfCviwGW1ZFuSMsYT5co9ytcMfDWvD/mD3v/fumf8ACPa2jK40u9VlOVYRkMD6g1hLD63joyWovZnQah8O7+EsbG8huF/uSgxt+YyDWBd+HdbtCfO0q6+sa+b/AOg5rd03VfGen7UazuruMfwXEJY/gw5rqLDxNdyAC98P6nbHuyRmVf0w1R++j0uLnaPJ5Q0JxMjRn0cFT+tIGU9CK9n/ALetZAQkF9N7JZu1U55rKY/8ireT+72Kr/6FVRqTf2WP2p5ISvqKk+0z7PL+1TbMY2bzivTjbwv/AKvwAD7vDAtRXOlajNaywweCdKhEqMm4yxKVyMZ4StFzv7Ivao8xDKCEBGewrQtNF1a9x9m027cHoxjKqfozYFek6fY+K7W1iggsdGtQiBCclt2BjJxirI03xjLkSanpMQ/6ZQOT+ppuFZ7RF7ZI4uw+H+rT4N3Nb2a+mTI35DArqtK8EaRYESSxvezL0aflR9FGBV0eHtffmXxVKvqsdpGP1NSr4SLc3OvavKf9mcR/+gioeGry3ZLqp9TRO2KMltqIg9lVR/QV5x4y8YLfI+naZJ/op4mnHHmf7K+1d4PB2juMXCXV2P8Ap4u5ZP5tV230DSLb/U6ZZofXyVJ/OqpYHld5Mn2qR4RBbzXB2wQyyn0RCx/Su08EafqGmGa6/wCEf1Ca9k+RPMCwokf1Y5ya9TVFRQqgADoAMCnYrqeHUlZilWb0OA13w74h8TPAtylpp1tCSRH5xlYn1JAFTaR8O4bNWM+q3bl8ZSD90P6n9a7mlqoUIQVkiPaS2Rg2nhDQrVxINOillHSSfMrfm1bUUSRLtjREX0VQBUlFapJbENt7hRRRTAKKKKACiiigAooooAKKKKACiiigAooooAKKKKACiiigAooooAKKKKACiiigAooooAKKKKACiiigAooooAKKKKACiiigAooooAKKKKACiiigAooooAKKKKACiiigAooooAKKKKACiiigAooooAKKKKACiiigAooooAKKKKACiiigAooooAKKKKACiiigAooooAKKKKACiiigAooooAKKKKACiiigAooooASlppYKCSQAOprkdb8b21qWhsIxcyDq54jH+NRKajuVGLlsdfmivMotY8U6uS1qZtn/AExjAUfjRM3jCwUySPebF5Jz5gFZ+262L9i+56aDS15xpnju9hYC+hS4jPV0+Vh+Fd1pup2up23n2kqyR9D2Kn0Iq4VIz2JlTlDcu0UUVoQFBoooATFJXOeJPFlvpLG2hUXF33T+FP8AeNckfGutb9wkgx/d8sYrKVaMdDSNKUldHqIFFZnhzVG1fSortoxGzEhlHYg1p1ondXM2rC0mKWimAmKMUtFACUtFFABRRRQAUUUUAFFFFABRRRQAUUUUAFFFFABRRRQAUUUUAFFFFABRRRQAUUUUAFFFFABRRRQAUUUUAFFFFABRRRQAUUUUAFFFFABRRRQAUUUUAFFFFABRRRQAUUUUAFFFFABRRRQAUUUUAFFFFABRRRQAUUUUAFFFFABRRRQAUUUUAFFFFABRRRQAUUUUAFFFFABRRRQAUUUUAFFFFABRRRQAUUUUAFFFFABRRRQAUUUUAFFFFABRRRQAVXvblLO1muJPuRIWP4VYrnPHlwYPDs6jrMyx/gTzUydlccVd2OaHj/UfMDNaweX1K5OcV6MjB0Vh0IBFeHohlkWMdXIUfnivcFAVQOwGKxoTcr3Nq0FG1ji/FHiy803VGsrNIcRqCzOCTk1reEdbn1uyle4jRJIn2nZ0bjNeb6zcG61e9m7vM35A4rufhvFt0e4k/v3B/IAVMKkpVPIqdNRp36nX1HLIkMbSSOqIoLFjwAO5p5rz/wAf64ZZjpdu/wC7Tmcj+I9lrepPkVzCEed2M/xP4mm1iU2lpvSzzgAfemNbXhnwZHGqXWqoHk6rb/wp/veppfAnh5Y411S7TMjjMCH+Af3vqa7asqcOb3pGk58vuxGKixqFVQqjgAcACnYFLRXQYnEeN/DkbQSanZx7JU5mRRjeP731Fcho2q3GkXq3NuxIyBJH2cehr2N0DqVYAqRgg968a1my/s7Vbq07Rvhf908r+hrjrx5XzI6qMuZcrPYbO5ivLWK5hbdHIoZT7VNXE/DnUi8E+nO2TEfMj/3T2rthXTCXNG5zzjyysFc34y1/+yLQQ27D7ZMPk/2B3at29uYrO2luZm2xxKWY+1eParfy6pfy3k33nPA/ur2FZ1qnKrLculT5nrsVSSxLMSWJySeST6mljR5ZFjiQu7kKqjqT0Aq/pOiX+riVrOIMIsBi528+grtfCvhQaXJ9svij3XRFX7sf+JrlhSlN+R1Tqxije0OwXTNKt7QEExphiO7dTWhRRXoJWVjgbvqFFFFMAooooAKKKKACiijNABVW5v7W0IFzcwwk9A7gE1FrGoR6Xp015J0jHA/vHsK8fvbma9upLq5YvLIckn+Q9hWNWqoGtKlzntcUqTRrJE6ujDIZTkH8akrlPAP+jaFCs0gVrmZ2hRjgkDqAPwJrq60i+ZXM5KzsFFFFUIKKKKACiiigAooooAKKKKACiiigAooooAKKKKACiiigAooooAKKKKACiiigAooooAKKKKACiiigAooooAKKKKACiiigAooooAKKKKACiiigAooooAKKKKACiiigAooooAKKKKACiiigAooooAKKKKACiiigAooooAKKKKACiiigAooooAKKKKACiiigAooooAKKKKACiiigAooooAKKKKACiiigAooooAK4v4mS4sLOIfxykn6AV2lef/EyTN1YReiOx/MCsqztBmlJXmjl9GTzNZsE9bhP5ivYrmQRW8rk4CoT+leS+Fl3eI9PB/56/wAgTXpniKYRaFfvkZWF/wCVY0HaLNK+skjx/eXy7dWOTXqPgGPZ4atz/ed2/wDHiK8u7V6z4OXb4bsfdM/rUYde82XX+FFnX9RGl6VcXZ5ZFwg9WPArzPw3pza1rSRSksmTLOx7jPI/E10fxKvCPsdiD1zK38gKufDmy8nS5bxh89w+Af8AZXitZe/Ut0REfcp36s6xQFAAGABgCq2paja6bB593MIkzgZ6k+gq5XGfEoD+zrM+kx/lW05csW0YwjzSSNGDxlok8oQXLIT0MkbAV0CsGAIOQRkGvDSOK9Y8Gzm48O2bMcsi7D+BrKjVc3ZmlWkobG3XmvxFtxHrcUw4E0I/Eg16XXB/E2PnT5Mf31/QVVdXgKg7TOa8N3v2DXLOfOFL7H+jcV7Bn3rww9K9a/tmO38NxapPxmFXx6sR0rLDysmaYiN2mjnfiJq+SmlRN6PMR+gri4IZLiaOCFC0kjBEX1NFzPJdXElxM26WVi7H3rs/h7o/J1WdfVIAfyLVnrVmaX9lA6zQ9Mj0nTYbRMEqMu395u5rQoFBODXclZWOJu7uLRRSE4pgLRVUahZl/LF3bl/7vmLn8s1ZBpJ3AWiimhgTgGmA6iiigBK878ZaprS6nJbR/aLe2T/V+SGHmD1LCvRaQionHmVrlQlyu9jyXX4LuzhtIp9SnuVuIxMY5Sw2+nBrGIJ4HU9K2/GVz9o8R3WPuxYjH4CoPDFv9p8QWEZ6ebvPsF5rgkrzsdsXaFzU1DxHKLOwt9ISe3Numxt8AZhxjg4Ndb4PuNWubB31ZWDbv3RdQrMuOpArcCrkkKM+uKdXbGDTu2ccppqyQtFFIa1IFopu4ZxkZ9M0ooAWiiigAoppYDJJwKp/2pp+7ab+1DennLSukOxeopqkMMg5BFOpiCiiigAooooAKKKKACiiigAooooAKKKKACiiigAooooAKKKKACiiigAooooAKKKKACiiigAooooAKKKKACiiigAooooAKKKKACiiigAooooAKKKKACiiigAooooAKKKKACiiigAooooAKKKKACiiigAooooAKKKKACiiigAooooAKKKKACiiigAooooAKKKKACiiigAooooAydes9QvrZU0+/NnIrZJx94emeorzTxDZ3thqAh1C6+0zGMNv3s3y59TXsNeX/EFgfEjD+7An865sRH3bm9B+9YydE0/+1dUhsvM8rzc5YDO3Ck1u654NTS9Mmvf7QeXysYUxYzzj1qp4EXPiWA+kbmux8enHhq493Qf+PCs6cE6bZpUk/aJHl1d34W0nXY1srkami2DBXMBJb5TzjkYFcIehr2XRF2aPYp6QIP0pYeN2OvKySPPPH8u/xHIvaOJRXfeGofI0GwiGOIVzXnvjxCviS4/2o1I/KvR9CcS6RZOpyDCv8q1pfxGZVPgiX6434lY/s20/67f0rsq4n4mNi0sV9ZWP5CtK3wMil8aOBr1DwBn/AIRyLP8Az0avL69a8IwG38O2MZ6lNx/Ek1z4Ze8b4h+6bVcX8TR/oVi3pKw/Su0ri/icf9BsR384/wAq6K3wMwpfGjz+tG+1aW60ux0/kRWwOR/ebJwfwFZ1WLCyuNQvI7S1TdK5/ADuT7CuCLeyO1pbvoW/D2jya1qC265EK4aVvRf8TXrkEKQQpDGoVEAVVHYVQ0HSINHsVtoeW6yP3dq1K7qVPkXmcVWpzvyMzxBqP9laVcXYwXRcID0LHgV5Jc3dxdTGe4nkklPO5mP6V3HxLuitvZ2i/wAbGRvotcGkZllSNerkKPqTisK8m5WRvQilHmZ674aE40Ky+0SO8xiDFnOTz0zUHjG8Nl4funU4eQeUh9zWzEgSNUAwFAArjPiXPttbO2B+/Izn6Cuib5YHPBc0zgCoxXs2iFzpFiZCS/kIWJ/3a8cRGkkVF6sQo+ua9uijWOJIx91FCj6AVjhurNsR0Ry/xB1GW00uKGGRke4kIJU4O0da87t5ZYZ0khkdJAw2srEEHNdZ8SpSdStIs8LCW/Emua0mL7RqtnCekkyr+tRVk3Usi6SShc9ljyEUMctgZ+tPyDXFeOvEEtuy6ZYyMszAGV0+8oPRR7muTabVdC1Fd000dwm1ihcsCCM4NbyrKLsYRpOSuexUhqrpt3Hf2MF1F9yVQ2PT1H51NcuUt5XHVUJ/IVre6uZW1seL38xuL65nJyZJXf8AM5re+H0W/wAQFz0jhY/ia5oV2nwzjzdX8voioK4KavUR3VNKbPQBRRQa9E4SpqN9b6daSXV0+yJBkn+lea614r1DU3ZYZHtLbsiHDH/eap/Hmqteap9jRv3FrwfQv3rm4kaaRIkGWchV+ucVx1qrb5UdVKmkuZmvofh2/wBZR54GWKJTjzZGPzH0GK0LfWdZ8MXwtdQL3EOM7WbOV9UNegabaR2FhDaxABYlC/X1rB+IFgt1opuVUGS1bcP908EVfs3CN1uQqilKz2OhsbuG+tY7m3ffFIMq1QavqMOlWEl3OSVToo6sewFcb8OdTK3M2mu2UcGSP2I+9T/iXcnzLKzB+XBlI9ecCq9r+75ifZ+/ynP32qan4hv0gaRgJnCRwKcKtdePAem/YvKLyfadv+uz3+npXNeBYxJ4kgLfwozD64r0q+vILC1kubmQJCgySf5e5qKMVJOUi6r5XyxOL8C3t1aarc6LcOWVN2xT/AynkD2Nd9Xn3gmObUfEF3rLoViy5H+8x6fgK9BrWk/dM6vxBRRRWpmFFFFABRRRQAUUUUAFFFFABRRRQAUUUUAFFFFABRRRQAUUUUAFFFFABRRRQAUUUUAFFFFABRRRQAUUUUAFFFFABRRRQAUUUUAFFFFABRRRQAUUUUAFFFFABRRRQAUUUUAFFFFABRRRQAUUUUAFFFFABRRRQAUUUUAFFFFABRRRQAUUUUAFFFFABRRRQAUUUUAFFFFACV5V45cP4luMMCAqjj6V6Nq+mxara/ZppJkQsGzE+0n29xXlviPT4dK1eazty5jQLjecnkVzYhvlN8OlzF7wPPBba75tzKkKCB/mkYKM8Vv+N9Y0670Rre2vIZpWkU7Ubdxmud8H6XbatqckF2rGNIywAOOa2vGPh/TNL0Xz7S22S+aq79xzis4c3s2XLl9ojh2BKn6V6hpXinRnht7ZbwLKEVcOhHP1rzDBPA6nivYoNI02Py5FsLZXAGG8sZFGHT1sPENaXON+JNoVv7S8A4kQxt9Qcit/wFeC60COLOXtiYz9Ooq74n0n+19Jlt1IEy/PET/eFee+GdXfQdUb7QrrC52Tp3XHQ/UVo/cqXezIXv07dUesmvPfiVNm9soP7qM5+pNd2lzBJbC4SZDCRu3hhtx65rybxLqK6prM9ynMXCR/7op15WjYmhG8inYWj317Bax/emcJ9B3Ne0QxrFEkSDCooUfQVxXgDRWjDarcLguNsIPp3au5ow8OWN2FeXNKyCuF+JsgA0+Lvl2/QV3VecfEebfq9tD/AM8od35mqrv3BUVeZyddn8PtQsYXks3Ty7yVsrIekg/u1xlOIeJlPzI4wwPQjuDXFCXK7nXOPMrHuIpayPC+qf2to8Nw5Hmj5JP94Vr16Sd1c89qzseZ/ESYya+kWeIoVH5kmsXQYvO1ywT1nQ/kc1oeNznxPd+wQf8AjoqLweu/xNYY6BmJ/wC+TXBLWod0dKZ61XnHxImDavbxZ/1UP8zXpFeS+M5/tHiW87iPbGPwFdOIdoWOegryKvh+Hz9esI/+m6k/QHNeyV5R4Hj8zxPaN/cDt/46RXq1Thl7o8Q/eseY/EBs+ISn9yJKytAnjttXt7mb/Vw7pD9QDir3jhw3ia5weioP/HawTXPN++2dEF7iOs8F2Umsa7Nq12Nywtv+rnt9BV74j6cWFvqUa/c/dS/TOQa6Dwnp40/Q7aIjEjjzH/3jzWpd28V3bSW86B4pF2sp7iupU7wscrqWnc474c6mGhl0yRvmQmSL3U9a67UT/oF0f+mTfyNcFL4Q1fTb9bnSpElEbboyzAMPY5q7e6d4r1tBDdvb2kHUrG33vrjJNTCUoxs0OUYyldM4QdK774YqPsd+/cyqPyFcDXoXwzP/ABLbsek39BWND4zev8B2VV7+cWtnNcHpFGz/AJCp6xvF7bPDeoEd4sfrXbJ2TZxpXZ5O7tK7SOcs5LH69a1PCcH2jxFYrjID7z9AM1k10nw/UHxGp/uxPXnw1mrnfUdoM9PHSqWtRCfSbyIj78Lj9Ku1W1Jwmn3LnosTH9K9GWxwLc8q8IymPxHp7A/ek2n6EV0HxMtyLixuv4SrRn2PWud8KLu8Q6cPSTn8BXpuv6Ymr6XLaNgM3zRt/dYdDXJTjzU2jpqS5aiZ5t4Uu1svEFpM5wjEoT6bhXqtzbQXUJhuIkljPJVxkGvF7iCW3mkgmVkliO1lPUGuvtfGl29hBaW1m1xqRAQt1U+hwKKM1FOLCtDmtKJ3H+j2Nv0ighQeyqKhs9WsL6VorS8hmdBllRsnFcvbeFdQ1VxceIL6Vu6wI3T+grp9O0mx01dtnbRxcYLAfMfxroi5Ppoc7SXXU0KKKK0JCiiigAooooAKKKKACiiigAooooAKKKKACiiigAooooAKKKKACiiigAooooAKKKKACiiigAooooAKKKKACiiigAooooAKKKKACiiigAooooAKKKKACiiigAooooAKKKKACiiigAooooAKKKKACiiigAooooAKKKKACiiigAooooAKKKKACiiigAooooAKKKKACiiigAryzx8m3xJKf70SGvU681+I0e3XIn/vwD9CawxHwm1B++TfDVM6lev2WJR+Zrf+IAz4blPpIn/oVZHwyTB1B/XYv6VveN4/M8M3gx0Ct+TA0oL90Ob/AHp5fZp5l5bR/wB+VF/UCvbFGABXjehqH1uwH/TdP55r2apwy0Y8RuhDXPeIfC1prB84EwXWP9Yo4b/eFdFSV0yipKzMFJx1R5s/gfWUBjS5t2hP/TV1H4jFa2jeBYYJFm1GUTleREgwn4+tdfPNHBE8srqkaAszMcACuI1Hx/iUpYWisg6PKSN30ArBwpw1Zqpznsd0oCgAAADgAUtcfoXjVL66S1vYFgkkOEdTlSfQ56V2FaxmpbGUouO4V5H4tuftfiK9cdEbyh/wEYr1PUrpbGwuLp/uxIW+teLs7SOzucsxLMfU1hiZaJG+Hjq2LFE080cCfelYIv1JwK6Px7YJZ6nbvGMJLCB+K8VB4HsftmvxORmO2Uyn69FFdB8TIgbKymxysrL+Y/8ArVlGH7ts0lO1RIq/DS6xNe2h6MBIPr0Nd9XlfgWfyfEkKk8SKyfpXqldGHd4GFdWmeXePYfK8SSsRxLGjD+VReCMDxLa/Rv/AEGui+I+mmW3h1GNcmD5JP8AdPeuT8MXAtvEFhK3TzNp/wCBAisJLlq6m8XzUj152CKzHooJNeKXk5ur24uM582RnH0JyK9P8Z6iNO0OYK2Jrj91H9T1P4CvOJ9Mmg0e11FgRFM7L9MdD+NXiHfREYdW1Zq/D/8A5GNfaJ69QJFeU+CZhD4ltd3Ak3IP++a9B8T339naJdXGcPsKJ/vHgVVB2gTWV5nlmsXP2zVry5HR5WI+gOKbp1v9q1C1t+8sqp+tVgMAVt+C4vO8TWYPRNzfkDXLH3pnTL3Ynq4GMADgdKdRRXpnnhSGloNAHjGtW/2TWL2AjGyVsfQnIrrfhlMNl/D33K9U/iJpxhv4tQRfkmAR/Zh/iKp+BL0WmvLE5CpcoYz/AL3UVwxXJVOyT56Z6lXNePrsW/h94uN1wwjH06mujrzfx5etf61Dp8B3CDC4HeRq6asrROakryOVrpfh8wHiHH96FhWNq+nS6VqElpN1TBVuzDsateFLpbPxDZzMcIWMZPpuGK4oe7NXOyfvQdj12sXxjdC28PXp4zInlL9W4raBFeefELV0uLmPToWDJAd8pH9/oB+Fd1WXLFnHTjzSRS8A2pn8QrJjKQIzH2PQV6VdXMVpbyXE7hIo1LMx7Cuc8BaYbLSjdSLiW7Ib6L2rM+JN9IpttPU4RgZn9+SAKzh+7p3Ll+8qWMrUGvPF2pzT2VmqpBGfZmHbJ7k9hWPpt/caZfR3ducSRkgqf4h3U16b4Os4rLQLXZjdMoldvUmuJ8d2kVrrxaJQonQSMo7NWNSDS5+prTmm3Doej6ZfRalYw3cP3JVzjuD3H1Bq5XFfDSZ3s72A8pHIpX2LA5rta64S5opnNOPLKwUUUVZIUUUUAFFFFABRRRQAUUUUAFFFFABRRRQAUUUUAFFFFABRRRQAUUUUAFFFFABRRRQAUUUUAFFFFABRRRQAUUUUAFFFFABRRRQAUUUUAFFFFABRRRQAUUUUAFFFFABRRRQAUUUUAFFFFABRRRQAUUUUAFFFFABRRRQAUUUUAFFFFABRRRQAUUUUAFFFFABRRRQAUUUUAJXA/Em3la5sp0idkCMjMASAcgiu+pCMionHnjYqEuV3OO+G0Mken3cjoyh5QFLDGQBXQ+ILeS70S9t4l3SPCwUeprQAA6UpojC0eUJSvLmPJPDdldPr9iptZ12ShnLIwCgeua9cpMUtKnT5FYc587CiikNaEHCfEbU2Hk6bGcBx5s3uOgFaPg/RLe30Vbie3SSa5Uu+5QxCnotcl43YyeJ7sN0GxR9Nor0+xULZQIvRY1A/IVzQXNNtm8/dgkjyfSdLudQ1WOCGCVF8zLMVIEa5zyTXsFIABTLiaO3heaVgscYLMx7CtYQ5EzOc3M5L4jaj5VhFp6N89wdz+yD/ABNeek461f1vUX1XU5rtgQrHCL/dUdBV/wAI6IdW1ASyr/ocBBc/3z2WuSb9pOyOqC9nC7Ow8C6UbDSfPlXE90Q7ey9hTfiDD5vh13A5hlR/12/1rplGBgDFUtatPt+lXVqMZkjIH17V1uFocpyqV58x5RoUwt9asZj0Ey/qcV7KK8MDtGVcAhkIbB9Qc17dbSia2ilU5DoGB9eKxwz3RriFsxZ4UnieKVQ6OCrKehFeear4HvoJy+mlZoCcqpba6V6PRW84Ke5jGbjscGvhvW9bu4pdblVIYwBhSMkd+B0Jrrr/AEu2vdMbT3TEBQIAv8OOhH0q9RSjTUQlNs8jv9D1XRrwOIZJAjB45olLA4OQeOlXtRvdZ8VPb2iWLIqnJ+UhN394mvTsUmKzVG2z0NPbX3Wp5v4w0B9Ot9ONtG7xRxmKRlX+LruP1qf4dWMo1C4u5I3REj2KWUjJJr0IjPUUAdKaopS5kJ1W48otFFFbmQUUUUAU9TsINSspLW4XMbj8VPYj3rzDVvDuqaRNu8qSSJTlJ4gT9CQOVNetUVlUpKevUuFRwPPF8bX72It0s2N/jb5oBI+oX1qz4P8ADd0LwarqKMrAlo0f7xY/xGu42qDnAz9KdSVLX3mNzstEY3iPQINctgjHy54/9VKB09j6ivONQ0DVNOcia0kZAeJIgWU+/FewUGidFT1HCq4Hlo8R+IZrRbRPNLY2+YkJ8wj61c8OeD7m6nW51OMxW4O4RMfmkPv6CvRQoHalpKjr7zuDq/yqwigAAAAAdBXMeNPD8urxR3Frg3MAI2no69cfWuporWUVJWZnGTi7o860bxBqOhW32G80u5lWPPlnBBX2J7isyWy1vxHqUl0bOQM56upVEA6DJr1cjmisnRurN6Giq2d0tTK8OaOmiacLZW3yMd8j/wB5q1qKStkraIybvqxaKKKYBRRRQAUUUUAFFFFABRRRQAUUUUAFFFFABRRRQAUUUUAFFFFABRRRQAUUUUAFFFFABRRRQAUUUUAFFFFABRRRQAUUUUAFFFFABRRRQAUUUUAFFFFABRRRQAUUUUAFFFFABRRRQAUUUUAFFFFABRRRQAUUUUAFFFFABRRRQAUUUUAFFFFABRRRQAUUUUAFFFFABRRRQAUUUUAFFFFABRRRQAUGiigDzL4h2Zg1pbjnZcRjB/2hxXZ+FdTj1PR4HU/vYlEcq91YDFWNc0i31iya2nGOdyOOqH1rhE0PxJoN2ZbBS/bfCQQ491NczTpzutUzZNTjZ7o9JkkSKNndgqKMlmOAB9a828X+Jv7VY2dox+xIcs/TzSP6UX8Hi3WgIrm3n8o/wYWNfqa0NI8BsWEmqT8f88Yj1+ponKc9IocIxhrJnO+H9DudbutkeUt0P72XHC+w9TXqmn2UGnWiW1sgSNBwO59z6mpba2htIFgt4kjiQYVFGAKlrSnSUPUipUc2LSGlorUzPJfF+mnTdcmVRiKc+bH+PUV2/gbUBeaFFESPMtj5TD6dKl8XaL/bGnERAfaYfniPr6r+NcH4X1dtE1XM2Vgk/dzr3X3+ork/h1L9GdN/aU/NHrVcF4kv/E66pNHaxzRWqEmNokBDLjOSTXdRusiB0YMrDIYHIIqC/nS2sbid8BI0Zj+AromuZaMwg+V6o5bwZ4mudRuWsL1leTZujkAxux1Brsq8v8AQtL4iSUA7YY3Y/iMV6hU0ZNx1KrJKWgtFFFamYUUUUAFFFFABRRRQAUUUUAFFFFABRRRQAUUUUAFFFFABRRRQAUUUUAFFFFABRRRQAUUUUAFFFFABRRRQAUUUUAFFFFABRRRQAUUUUAFFFFABRRRQAUUUUAFFFFABRRRQAUUUUAFFFFABRRRQAUUUUAFFFFABRRRQAUUUUAFFFFABRRRQAUUUUAFFFFABRRRQAUUUUAFFFFABRRRQAUUUUAFFFFABRRRQAUUUUAFFFFABRRRQAUUUUAFFFFABRRRQAUUUUAFFFc/q3iCW01SLTbXTpLm5kTzFMkgijYDqFbByw9KTkoq7BI6CiueTxL9lONX0+4sFP/LbPmwj6svT6kAVt288VzCs0EiSROMq6MCrD1BFKM4y2YNWJqKKKoApMc0tFACEUAUtFABRRRQAUUUUAJiuU8VeE11NmvLIrFdn7yn7sn+BrrKQ1MoqSsxxk4u6PM9O1bXfDY+y3FnLJAOiSA8f7rVLqGp634oQWdrp7wwEjeOcN/vEgcV6NWTqXiLSdNcxXN5GJh/yxjzJJ/3yuSKydOy1loac93dR1I/DGgpolmULB7iXmVx+gHsK281x83i+7lGLDSHUdpLxwn/joyaz5tR166z52qrAp6pawgfkzZNZSxlCkrXNI4arN3aO/LYFVZ9UsLcEzX1tGB/elUV57LYR3B3Xc93dt6zXDN+gIFLHp1hGcpZWwP8Ae8pS35kZrmlmkFsjeOAk92dhL4v8PRHD6zZqfTzKik8b+G40Lvq0AUdW5x/KudQbBhAF9lGKz9dggnhikubqG3aB/MRpyDGTjBDKxwwqYZm5Sty6DeBSV7nYR+PfCkoymvWX/fytK217SLofuNTtH9MSivI3uoywZLPT9TGQGSzs5EYj1DjC5rZl8LaLMM/Y9mR2Y/1zXV9cXYzWEv1PUUkSRd0bBwe6kGn15KPCkUTBrLU9StWHQrKWxTp7zxHohB/4TKA+keoQqxb6YwauOKhIzlhZxPWaSvNdI8deJJp/LuNDgurcDi5ikaAN+DityD4gaV9qFpdwXdvc90WPzsf98ZrWNenJ2TMnSnFXaOvorHsvE+h3ziO31a0aT/nm0oR/++Wwa181pczFopAc0tMAooooAKKKKACiiigAooooAKKKKACiiigAooooAKKKKACiiigAooooAKKKKACiiigAooooAKKKKACiiigAooooAKKKKACiiigAooooAKKKKACiiigAooooAKKKKACiiigAooooAKKKKACiiigAooooAKKKKACiiigAooooAKKKKACiiigAooooAKKKKACiiigAooooAKKKKACiiigAooooAKKKKACiiigAooooAKoanplrqtr9nuk3LncrKSrIw6Mp6gir9FJq+4HKmTVtKyl9by6ja9rq2TdKB6SRjkn3WqVqmiXc8kuj6mbC7JzILaQRkt/txNlSfqtdtXC3UsuuWSane3Ok2li2TCl3aLNhc8EszDBPoK4atGFP3k7GkZN6Gul7r9mF82C01OL+9C3kS/8AfLEqf++hUq+KLWMYvLPUbN8c+bauy/8AfSBl/WuR0i+j09rh9KhudSknIG9g1vaxgf3AxP44qzN/a19/x/am0SHrDYgxj6FzljULEzi7PVG0cO5dDop/HHhi3jd31ux+QZZFlBcf8BHNc1qvxStvIZtItoZzxhrqcRfjs5an21haWufIt41ZvvORuZvqxyxqwEBPEYP4CreM7I2jg0t2Pg+KHhwRoJp5hJgbiIuM/gTUo+KPhL+K/mX62sv/AMTVcoBwY1H1UUeWn9xf++RS+uPsH1Jdy/H8SvCD9NYUfWGQf+y1PH4/8KSD/kOWg/3mK1k7E/uJ/wB8isfXLaV7qzcWT3VohZniiC5MnGwkHqBVRxl3sS8Hbqd8PE2hf9Biw/8AAhf8aT/hJtC/6C9h/wB/1/xrzSbXreKVojpk7zA4MUarI+fQhc4qWca7NtFp4bngiYZM0sasw+iA1TxTXQl4aC+0ejHxNoQGTrOnj63Cf41l3vjKFy0WkWzX7A48/d5duD/v9W/4CDXFxaQwkEt14e1W9nH8dxEjAfRQQorVjGpsMJoN8ABgBtij+dc9XHT2gioYenf3pEl3Nqepf8hDUZPL729pmGP6Eglj+JxTLa2t7SMJbQxxL6IoFSJYa/OcJp1raj+9cXO79FFVtUsb/Sp9NludTWZri5MLW8UQVSNrEkZyxwRXnT9rU1mzqhOjB8sUWqbLIsMUk0hwkal2+gGTTqyNXttSncKHW405v9bbxgJMy+gYnBHqK56cVKVmzqk7LQls7bVrmziuW1JInmAfyTbKyxg8gA5BOKmFhqp+/q8Q/wBy0A/mxoGrTDAGjXwx7Lj+dB1HUX4i0dl/2prhVH5DJruaguxjqL/YzSf8fWp6hN6qJBCP/HAtSwaNplq3mpZQB+8rjc34s1VyNZn+/d2lovpDGZG/NsU3+xrWQ7rySe+b/p5kLL/3yMLUutCOz+4ai30J5NcsI3aKCRrqYdYrRDIR9dvA/Gozeatcf6ixgtF7PdSbm/75T/4qrkaJFGI4kVEHREAVR9AKWsZYnsilTM82Fxcf8fuqXUg7xwkQL/47835tU1pp1jZ5NvaRIx6vtyx+pNWqKylVlLdlqCRHdI81tLGj7XeNlVvQkYFLo2sppul21rZeHrlZoolSTAjiTcBgksTkg0+inTquCsjOpRVTcp6ql7r6GPUUsYLY9YYYhI5+sjj/ANBUU3TtNGkR7NJvL2wXuscpdSfUq+5avUVX1mondOwLD00rWLMGv+ILbAdrC/UdpFaBz9WXcP8Ax2tGDxnGvF9pd9bf7caidP8AxzLf+O1i0V0QzGtHfUxlgqb2Ov0/xFo+osUtNRtpJO8e8Bx9VPIrUyK84ubaC7ULc28U4HQSIGx9M1HBbPaHNhf31n7RzFk/75fcK7KeaRfxI5pYCS+FnpdFcHDrfiC16zWV6PSVDE35jIrRh8aBOL7SbyD/AGosTr+a12QxdGe0jnlhqkd0dZSVkWXibRr47YNRty/9x22N+TYrXroTT2MGmtxaKKKYBRRRQAUUUUAFFFFABRRRQAUUUUAFFFFABRRRQAUUUUAFFFFABRRRQAUUUUAFFFFABRRRQAUUUUAFFFFABRRRQAUUUUAFFFFABRRRQAUUUUAFFFFABRRRQAUUUUAFFFFABRRRQAUUUUAFFFFABRRRQAUUUUAFFFFABRRRQAUUUUAFFFFABRRRQAUUUUAFFFFABRRRQAUUUUAFFFFAFW+vrXT4DPe3UFtCCAZJpAi59MmsWTxjpH2wWdnOdSuSnmGOxxKVX1JBwKyPiVdLI+maaMFjKbl/ZVBUfmWrjPD32jSfGd1qFpbR3RubLDxF/LKgMgyDXNWxCg2jphhnKHOj05vE2EYpo2rM4HCmADJ9MlqzYPDVlc6HY2Wr2sNzLAgJP9x+pKmkh8XabkJei406Q9rlCF/BhlTWxb3dtcqHt7mCUHoUdWrza2InUsChymDN4cvbb5tN1SRgOkF9mVfoH4YVV/4nKZWTQLln9YZ4mQ/izKf0rrmIX7xC/U4rPv8AW9L09S11f26eihwzH2CjJrJTl1RrGpJbHPXkOsQ2M97dfZNLtYULuSTcTEegUYUE/jWZEEcK17pWt3b4ziW9jRR/wFSFFaF/eT67PE0kL22mwOHSGQYkncfdZl/hUdcVLUVMQ46I6qdKU1ebMjSLy6jvL2wg0m5+R/Ohhe5i3LGQOhZhkBt1avm6r/0Arj/wKg/+KqO6s7W8VVuraC4VTlRKisB9M1X/ALF0n/oE2H/gOtH1mL3RfsprZ6FzzdV/6AVx/wCBUH/xVBm1YAldBuCR0H2qDr/31VP+xdJ/6BNh/wCA60f2LpH/AECbD/wHWn9Yh2/r7w9nU7nTeGrNdL0e3gkaFbraXmYMuS5JJyRWp5sf/PSP/voVwv8AYukf9Amw/wDAdaP7F0j/AKBNh/4DrWbrQbvqY/VJdzptT8R2Onz/AGYebd3eA3kWyhmUdixJCqPqaz28S6o+fK0SFR2M17g/kqGqVtbW9pGYrW3it4yclIkCrn1wKlqXWS+FGkcJFfEx761r8owqaZa+rYeYj6cqKqQ2pW5a7uLiW7vGG0zSYyB6KowFHsKsUVnKtKWhrChCDukFFFFZmwUUUUAFFFFABRRRQAUUUUAFFFFABRRRQAUUUUAFFFHYk9B1PpQAU2WWOCNppXWONBlnY4VR6k1VS+a7laHS7d7+YHDGM4ij/wB6ToK2tO8MqJku9XlW9uUIZIgMQQn1VT94j+81bRot6y0Rz1MRGGi1ZkQaXceJQC0RtdNbrPJGPOmH/TMHlB/tGtyHwvY2aBdMuL7TWA629w2D7lWyrVunJNJXTGbh8Oh5825u7MSSXxbYZaKfT9ViAyVnU28uPZlyldBo+orq2l29/HDJCky7lSTG4c+xIrG8QO8lrFp0DlbjUZRbqw6qpGZGH0QNXSQQR20McMKBIo1CKo6KAMACvWwlSc43kc00lsS0UUV1kBRRRQAUUUUAFFFFABRRRQAUUUUAFFFFABRRRQAUUUUAFFFFABRRRQAUUUUAFFFFABRRRQAUUUUAFFFFABRRRQAUUUUAFFFFABRRRQAUUUUAFFFFABRRRQAUUUUAFFFFABRRRQAUUUUAFFFFABRRRQAUUUUAFFFFABRRRQAUUUUAFFFFABRRRQAUUUUAFFFFABRRRQAUUUUAeQ6tdnUde1G9JyvmGCH2ROP1O41DpH/IwN/15n/0NaLm2ax1PULFshoLh8Z7qx3KfxBo0vjxEP8Aas3x+DpXh4m7crnvU0lSjY6DPBHY9RVOXSdOlYs1lBk9Sq7Sf++cVcorzFJrZmrinuih/Ymmf8+in6uzfzarNtZWtqS1vawxN3ZEAb8+tTUU3OT3YlCK6BRRRUlBRRRQAUUUUAFFFFABRRRQAUUUUAFFFFABRRRQAUUUUAFFFFABRRRQAUUUUAFFMnmit0LzyJCvq7Bf51XhvXveNLsrm+/6aIu2L/v42Fq4wk9kRKcY6tluoLu8trJQ1zOke7hAT8zn0Cjlj9KuweHtUuub/UI7OM9YrIbm+hkYfyWtjTNE03TGL2tqgnb70zkvK31ZstWio2+JnNPFJfCc5bw6tqODZ6f9mhPSe+yv4iMfMfxxWnB4StnIfVLmbUXHRHOyIfRFrouaStUlHZHNOrOe7GxRxwRCKGNI414VEUKo+gFOoooMwoopRQBn6Uv2zxNfXTcpYRLaRezsBJJ+nlD8K6OsHwjzZ30nd9Quc/hIVH6LW/XvUI8tNI5pO7CiiitiQooooAKKKKACiiigAooooAKKKKACiiigAooooAKKKKACiiigAooooAKKKKACiiigAooooAKKKKACiiigAooooAKKKKACiiigAooooAKKKKACiiigAooooAKKKKACiiigAooooAKKKKACiiigAooooAKKKKACiiigAooooAKKKKACiiigAooooAKKKKACiiigAooooAKKKKAPPPiJZCDVbHUUGBcK1tL7kfMh/nXN2h2a9YN/z0jli/Td/wCy12XxMY/ZtJTsbssfwjauImbyrzT5uyXSAn2b5f615WMj77t2PXwkm6J1FFNkdIgDI6oCcAsQOfSnV4h2XCiiigYUUUUAFFFFABRRRQAUUUUAFFFFABRRRQAUUUUAFFFFABRRRQAUUVXu722swvnzKrOcIgyzOfRVGSxppN7CbS1ZYqO4nhtojNcSxxRj+N2CiqF5d3iGNHiawE2TGjx+bdSDuViBwo92Nb/hvTNCnRdQtXOoXAO157o7pEbupU4CH2ArdUGtZHNPExXwmVbSX2o4OmafLKh/5b3GYYvwz8zVow+GLyYZ1DVnA7xWSCMf99NljXUdaQ8AknA9a0SjHZHLKtOXUybPw1o1m4kSwjkl6+bPmVs+oLZxWuSTWJd+KdKgdooJXv7hTgx2i+aQfQt91fxNZs+ta3eZEENtpsZ/ic+fL/RVP503oryZMYSlsjrQCegJpK4KfTFuj5l5d3tzcDlJXmYNG3qgGFU/QVbOp+IXtRaGa0Q42NernzSPUJjAapUoPqaPDzR2WVLFcjcuNwzyPrRXnktrb6N5Op2kZE1pIJJXyWaWPOJNx/i4O6u1g1rSbhQ8GqWUiHoVmU1StJXiZzpuDsy9RWbd+INHsxmfVLRSeiCQMzfRRkmsK88VXiut5BZFNKgOZ/PUrNIndkX+EL155NNRZKi3sjr6UdRSDBAIIIIyD6ilFSIreEP+QZdf9hC7/wDR71udqwvCXFnfR/3NQuf1kLf+zVu9q+gp/CjlluLRRRWggooooAKKKKACiiigAooooAKKKKACiiigAooooAKKKKACiiigAooooAKKKKACiiigAooooAKKKKACiiigAooooAKKKKACiiigAooooAKKKKACiiigAooooAKKKKACiiigAooooAKKKKACiiigAooooAKKKKACiiigAooooAKKKKACiiigAooooAKKKKACiiigAooooAKKKKAOT+I9uZfD4uV62M63BH+zyrfkHJrzzUkMljMI/vgb0+o5Fe03EEdzBJBKivFIpR1PRgRgg14/JaSaZeXOlzEtJZtsVj/HGfuN/wB89feuHFw2melgKm9NkOuyw3NzZXt1Hv0+W2DIWQsiyMcnI9cVVs7tYZFj0zUnjz92GRWeJvoGwR+BrY8NXHkrNpjN80BLxf7UROR+R4qLxFJK2pWcdwStmPnibs0/IwT2wOnrXmRlr7No7bBbavqkmoRWX2WykZvmeRJGHlp6kFfyFb9cxBLJpl5LdwoZYJiPtMQGW4GAy/TutaX/AAkWnet1/wCAkv8A8TWNak2/dWg0+Xc1aKyf+Ej0wEbpJ1BIGWt5FUfUla1yCCawlGUd0WmmJRRRUjCiiigAooooAKKKKACiiigAooooAKKKKACiiigAqpHZyWt/NfafdGzuZwBKwjWTf/30MrVuiqjOUdUTKCkrMgtrVbd5JS8k1zMQZZ5TueQj1PYDsBwKQXB0nWLfUkhmkSVWguUhTczjGUJUdcEYz/tVYoqo1GpczJlSjKPKSz69rF1kWlpBYJ/z0uj5sn4IuB+ZrPmsPth3and3N+f7kzYi/CNcL+eat0U3Wk9tCIUIREREiRUjRURRgKoAA+gFLRRWRslYKKKKBhUMtnaTHMtpA59WjVqmqvqMl1FZSyWcKzXCgbUbofX0yfQVUb3shO27AJZ6fE0wS3tY1HzOFVBSQ2d54ijaGGN7bTpQVkupQVaVT1ESn1/vGorS50WFkuQt5ruq9VWWBo1iP0YBUH5mpLrWPEKzQlLuJ7uZh5VhDAGVxkbgWPzADu1dUaSi9XdnFOpOSfKrI7hFVEVEUBVACgdhThWN4i1k6asdraIkupXGfJjb7qDu7+iim+Fr+6vba5hvZVmubSYxNKqhRIMAglR0NVY5bO1+ho+Ffuap/wBhCXH5Ct6sHwjzp93L/wA9NQuj+UrL/wCy1u9q96lpBHJLcWiiitBBRRRQAUUUUAFFFFABRRRQAUUUUAFFFFABRRRQAUUUUAFFFFABRRRQAUUUUAFFFFABRRRQAUUUUAFFFFABRRRQAUUUUAFFFFABRRRQAUUUUAFFFFABRRRQAUUUUAFFFFABRRRQAUUUUAFFFFABRRRQAUUUUAFFFFABRRRQAUUUUAFFFFABRRRQAUUUUAFFFFABRRRQAUUUUAJXF/EPSS9smtW6kzWalZ1Xq8Oct+K9RXaU11DqVYAqRgg96mcVJWZUJuElJHi0yMzRXFtIqXER3RSdVIPUH1BFLNJdajcJNfIkaQkGKBH3KG7uSQMn09Ks3lj/AGTql7pg+5buGh/65Nyv5dKjrxZx5ZWe578GppTKMiTfa2e7jnuLPjZHaS+Wy+7Dgt+BqxGmkTHZY6rcWNx/zyndm/NZP6EVNTZESVNksaOv91wGH5GpbuN0+pHcWGq3MbWJtonEo2/aY5AYgO5IPzA+1dSEYAAbjgAZI61yX9m2Y+5EY/8Arm7J+ikUfYY+nnXf/gS/+NRUhz2Tf4CUZI67a39002uT/s+3Byvnq394TyZ/VqsRT6pbcQ3wnTsl0m4/99DBrF4fsyveW6OkorDXWtQT/WadA/vHPt/mKP7euO+jzfhOtQ6ExcxuUVh/25dn7ujt/wACulH9KT+2dQP/ADDYF+txn+QoVCbDmN2isL+19S/58bb/AL/GoJ7rUb4lZZBZQD+C3bcz/Vj0HsKaw8uoXv0OkPHXilCk9BmuR/s2z6tGzn1aVmP6moby2tLSAyrHKPmCjFy6gEnAJO7AHqa0WGT6g+ZanaEEdQaSsDQ9HmguxfTyqQqFEjSdplJPUlicVv1z1IKLsmEXcKKKKgoKKKKACiiigAooooAKKKKACiiigAooooAKKKKADJqC5tIrlo3beksRJjljYrJH9GHIB7ip6Kak4u6Ymk1ZkNpZw27yMm95ZSDJLI5d5PTLHJNReHfEKacuoPNp97JBJdyOJogrLtHHTdup+o3QsrC4uT/yzQlfc9FH51nPaPBoMenLnz5lS2/4HIcMfw3Ma7MNFzbb1uctdLlt0PQfBsbJ4Y01nUrJNCJmB6gv85H61uVHDEsUSRqMKihVA7ACpK+iSsrHjBRRRTAKKKKACiiigAooooAKKKKACiiigAooooAKKKKACiiigAooooAKKKKACiiigAooooAKKKKACiiigAooooAKKKKACiiigAooooAKKKKACiiigAooooAKKKKACiiigAooooAKKKKACiiigAooooAKKKKACiiigAooooAKKKKACiiigAooooAKKKKACiiigAooooAKKKKACiiigAooprMFUsxAAGST2oA838fADxVEQAC1iN3/AH8OK5xrh/tLwRWlzOY1V3aNQQoJIHcH+Gruo6h/bGsXepr/AKmQiO39416H/gR5pNB/5C+of9cIf5yV42JmuaUux7lBShSiupQfULePifzbc/8ATeJo/wBWAqWG5gnGYp4n/wB1ga6jJqncaXp9ycz2Fq7f3jEu78641iIvdG95IyKKut4e07OYkngP/TOdx+hJFRnw+Af3Wp3y+z7G/wDZRVKtB9Q5n2K1FTnQrofd1c/jbKf/AGYUn9h3nfVx/wCAg/8AiqftYdw5/Ihoqf8AsK676u/4Wyj+tH9hXH/QWl/78rR7WHcObyIKKmOhXY5XVz9GtVb+TCm/2Nqf/QStvr9mP/xVNVIdw5vIjo6VYTQp2/1+rS/SGJU/U7qmTw9po5ljluT6zysw/wC+chaTrQXUOZ9jJlvbSE4luoE/3nAqI6rppUhr23xjncwwRXU29na2wAt7WCIf9M41X+QqwWJGCc1H1iK6BeTOb8O6cftR1JYvskDIVjiA2tKP7zj+QroqKK56k3OV2CVgoooqBhRRRQAUUUUAFFFFABRRRQAUUUUAFFFFABRRRQAUUVXv7yOxtHuJAWxgIg+9Ix4Cj3JppXdkJu2rKd+ftmp29iOY7fFxcfX/AJZqfqea1dFtzf8Aiezj6x2SG6k/3jlYx/6FWbp1ubO1eS6dTcSkzXL9s46D2UDArrfAlm0emyajKpWbUXE2D1WPGIx+Ve1g6VmvI83FVLL1Ooooor1TzgooooAKKKKACiiigAooooAKKKKACiiigAooooAKKKKACiiigAooooAKKKKACiiigAooooAKKKKACiiigAooooAKKKKACiiigAooooAKKKKACiiigAooooAKKKKACiiigAooooAKKKKACiiigAooooAKKKKACiiigAooooAKKKKACiiigAooooAKKKKACiiigAooooAKKKKACiiigAqG7G60mHrGw/SpqRgGBB6GgDxHSxjTbVf7sSr+QxUjRSrObm1uZLe4KhWZcMrgZIDKeDjNJZrshaMjmOWVPykYVJYWKaneXi3E06pBsVEikKdRkkkdTXhzai3fY+hTTgieLW7i341G2DRjrPbZIHuyHkfhmtqGWKeJZoZFkjcZR1OQRWFJpWp27bbeWC6T+FpmKOv12ghq1NJsF02yWAPvYku74wGYnJIHYVx1VTteO4Ju5cooornLCiiigAooooAKKKKACiiigAooooAKKKKACiiigAooooAKKKKACiiigAooqve31rYIGupljz91TyzH0Cjk00m9hN23LFFZo1Sd/mj0i+dPU7EY/RWYNVnT7+31GAzW5barFGDKVZSOoINXKlOKu0JTi9EWaKKCQqliQAOpJwBWYworNfV1mZo9Nga9cHBcHbCp93P8hk1G9hc3Yzf3svtDakxIh+o+ZiK3jh5PV6GcqqWxqs6ohd3CooLMxOAB3JrJtd2p3S6jIpW2jyLSNh17GUj1PQegpn2K+umW31GaOWziIOVGGuT28wdAB3A6mr91cpbICwZ3chIokGWlbsqgdTXRSo8r7synU5vJDo7Q6vqUGkrny5P3t0R2iB6fVjxXpSgIoCgAAYAHAArD8KaNJpVk8lyFN/dMJLhl6A9kB9FHFb1e3Qp8kfM8qtU55C0UUVsZBRRRQAUUUUAFFFFABRRRQAUUUUAFFFFABRRRQAUUUUAFFFFABRRRQAUUUUAFFFFABRRRQAUUUUAFFFFABRRRQAUUUUAFFFFABRRRQAUUUUAFFFFABRRRQAUUUUAFFFFABRRRQAUUUUAFFFFABRRRQAUUUUAFFFFABRRRQAUUUUAFFFFABRRRQAUUUUAFFFFABRRRQAUUUUAFFFFABRRRQB47ex+RrGqwf3L2TH0bDf1p/h3m81Q/9NIx/wCQwat+K4vI8XagMYWZIpl/Iq1VPDvF3qg/6axn/wAhqK8LFq3Me7RfNSizbooorzDcKKKKACiiigAooooAKKKKACiiigAooooAKKKKACiiigAoqG7uYbO3a4nfai+gySewA7k9hVGOTW5lEgFjbBuRFJG0jIOwYhgM1rCjKeqIlUUTUorAur+5t5PLn1uzSQ9IobQs/wD3yWY023kivZRDLrd+ZGGREQLZj9AFVq1WFl3M3WXQ35pI4EMk0iRIOruwVfzNZ51u1clbOOe9b/p3Qlf++jhabFo+nxSeZ9lWST/npKTI35tmrF3A89sYYbmS1J6SRBdw+mQRVxw8U/eYnUk9ijd3N6FDXl5a6TC3RVYPM3sGPH5CorJ7eJzJpum3V3O3W5lBXP1d+fyFJZ6JPZMXhvYmmP3pZrYSSN9WyDV02+qNjdqwX3S2UfzzWzSjpCxne+4n2C+veL+5WGA9be1yN3sznn8qszXWn6XEkMksFsqDCxDrj0CjJNVW0sy/8fOoX9wPQy+Wp+oQCp7Sws7PP2a1ijJ6sqjJ+prOVNz+JlqXLsiE6jd3PFhYsF/57XeUX8FHzGm/2WLhg+pXD3pHSM/LCPoo6/jWjRVRjGGyE25biABVVVACqMKAMAD0ApaKKYBVrwt5aeLT5qKzy2RMLHqmxvmx9Q61Vp2nP5PiPRZR1ad4T9GiY/zVa3w7tURjXV4M9HFFFFeueWFFFFABRRRQAUUUUAFFFFABRRRQAUUUUAFFFFABRRRQAUUUUAFFFFABRRRQAUUUUAFFFFABRRRQAUUUUAFFFFABRRRQAUUUUAFFFFABRRRQAUUUUAFFFFABRRRQAUUUUAFFFFABRRRQAUUUUAFFFFABRRRQAUUUUAFFFFABRRRQAUUUUAFFFFABRRRQAUUUUAFFFFABRRRQAUUUUAFFFFABRRRQB538SoXg1PTL5IJZjMj2xWMZP95a5/RftNvrEq3Vv9nF3CGjUuGJKHBzjocMtejeMdPk1DQ5lgXddW5FxAB1Lpzge5GR+NcLdIdRsoLqydROhE1sx6Zx0PsQWU15uMp3+Z6OFqPl5exqUVmrrtibdZHdlnJKG2A3TBx1XaKadVni/eXOmXENt3kDK7IPVlXJx9M143sanY7/AGkTUoqO2uILqIS280csbdHRgwqXBrNprRlpp6iUUuDRg0rDEopcGkoAKKKKACiiigAoqhd6m1ve/Zksbi5IjEjmIrlRnHRiKZ/bMf8AFZagD6fZyf5ZrRUptXSIdSK0NKis06q7ZEOlahIf9xUH5swoNxrE3EdnaWw/vSyNIf8AvlQP51SoTfQTqxRpU2WSOEZldIx6uwX+dYt5mED+09clXd0ihxDu9gFyzVXhtbYkvb+HrifP/LW42qW/Bm3fmK0WGt8TJdW+yLupz6NeeV5+oxB4GLxvFN8yHGMjGRWfNdaQELXGr6neIOqjcq/mqrV9ZLsLiDQkgP8AfmeNFH/fOSap3E1pdK0Go6w11kYa008Nt+hC5b8zW0YqKsm/kZybfQuW8s0CGLTNDNsp6tcYhH1IGWapF0955o7jUp/tUkZ3xxhdsUR9Qvc+5rOMF6Tv0mC9tmznfe3GY3+sfzE/oa303bF343YG7HTPtVqCjqv+CTdvRi0UUUigooooAKKKKACiiigAooqG7uYbO3a4nfai/iWPYAdyewppCbJqZ01HST/0/wAX88VS027upJ5be/gSCfaJo0U5/dk4wfcd6vRDfrGix/375f8Ax1Xb+S1pSXvozqP3Gel0UUV7J5QUUUUAFFFFABRRRQAUUUUAFFFFABRRRQAUUUUAFFFFABRRRQAUUUUAFFFFABRRRQAUUUUAFFFFABRRRQAUUUUAFFFFABRRRQAUUUUAFFFFABRRRQAUUUUAFFFFABRRRQAUUUUAFFFFABRRRQAUUUUAFFFFABRRRQAUUUUAFFFFABRRRQAUUUUAFFFFABRRRQAUUUUAFFFFABRRRQAUUUUAFFFFACV5zrGnnQ9XaIDFheyF7du0cp5aM/XqtejVT1LT7XU7KW0u4xJBKMMP1BB7EHnNZ1aanGxdOo4SucAIYlnacRoJmAVpAo3EdgTT6bqNpd+H38vUWMlkTiK/xx7CX+6f9roadXkzhKDsz04TjNXRSm0nT55Wle0i8xurqNrH6kYJpg0TTv8An3J+sjH+ZrQoqbsuyM46Jp3/ADxcfSVx/JqP7E0//nlL/wCBEn/xVaNFK7CyM7+xNP8A+eD/APf5/wD4qo7V7fR9SltnkENrcRiWLe5IVwcMAT6gqa1aa6JIMOiuPRgD/OlJKSswV09AS9tH+7d25/7aLUgmiPSaI/8AAxVNtNsHzusLQ/8AbFf8KZ/Y+mf8+Fv+CAVh9Xj3NPay7Gh5kf8Az0j/AO+hSGeEdZoh9XWqH9j6b/z4wflR/Y+mf9A+2/FAaPq8e4e1fYr30nkag19bXlg5eJYnhllC8Akgqwz61Xk1uQnabvS7Qf33laZvwVQB+taiafYpjbY2g+kK/wCFWERY/wDVoqf7qgfyroj7qsZvVmCH0ufDXE+o6o5/uxvt/BUAWg21u3FromprnsLprdfxBYVuzTpDG0k8qxoOruwVR9Sapf21pn/P9D9cnFCTvfURXs7W8tiTZ6dptmW6yM7SyN9SBz+dWDaahN/x8avIB3W2iWMfm2406HVtOnlWKG9hd3OFVWzmrtDir7DXqZ/9i2DENPE903rcyNL+jEgVejRIkCRoqKOiqAB+lOqK5ure0UNc3EMCnoZHC5+maeoaEtFZ/wDbel9r+A/Qlv5Ui3l7eOG062QW6jmW7VkEh9EHB/E0npuCNGkdlRSzsqr/AHmOB+ZqkY9Zm432VqvdgGkb8M4FOj0W0LCS7Ml7N/euTuH4L90VnKrCPUpRkxkms6ejBFuBPIekcKmRj9AKQHVbz/Vxpp0P9+XDyn6KOF/E1qRIkS7IkRF/uooUfpWa2pz3EjpptssyoSrXErbYs9wMctioVWU9IIfIo6yZViso4fEESxvO8kVsZJppZCzOGOAMdABtYnArYrJuNKur+aGW9vgjxHKfZE8tvpuOWxVm41KC3k+zp5l1dAf6iEbm/wCBdl/GujXlVzO6voXaZLJHAheZ0jT+85Cj9aprb6nd8z3CWKH/AJZwAO/4sePyFSw6Lp8TiRoftEn/AD0uWMrfrxWMqsI+ZahJkH9qfacrptu94f8Anr9yEfVj/SprTTm89bu+lFxdL9wAYjh/3F9f9o81oelArCeIctFoaRppaszL3/kO6djr5U2/6YGP1rV0OMz+LNPQDIgimuCfQ4CD897VkWbfa9VvL3rHEPssR+hy5/Oum8D25mvtU1E/dDJaR+4Tlv8Ax5mFelg4axuceJlaLsdmKKKK9c8wKKKKACiiigAooooAKKKKACiiigAooooAKKKKACiiigAooooAKKKKACiiigAooooAKKKKACiiigAooooAKKKKACiiigAooooAKKKKACiiigAooooAKKKKACiiigAooooAKKKKACiiigAooooAKKKKACiiigAooooAKKKKACiiigAooooAKKKKACiiigAooooAKKKKACiiigAooooAKKKKACiiigAooooAZIiyIVZQysMEEZB+tcpqPgxI90uhzizbr9mcFrdvw6p9VrraWplFSVmOMnHVHmMMrNJLBNC8F3bkLNC/JQ9iD3B6hh1qRmCgliAB1JOBXSeMtIjubGTU4mMN9ZRM0coHDKOSjDuprh4Y11m8drlA1pbBNsJ5V5CNxLDuB0ANeViKSpa9D0qFX2it1NRSG+6wb6HNLVR9D0s8raLEfWFmi/8AQSKb/ZJj5t9Svof9lmWRfyIzXIq8GdLpyRdoqj9m1eP7l9aT/wDXWEofzUmk8zV0+9p9tJ/1zudv/oQqlOL6ktSXQv0VQN3qI66LL+FzGaBc6ow+XRiPd7pBT5o90HyL9FUP+Jy/SGwg93kZj+QFO+yaq/39Sgj9o7bcfzLUnUgt2HLJ9C7RVL+y7gnL6vff8ACL/NTR/ZB/6CmqfXzV/wDian21PuPkkV/ESRG0imwDdxSA2o27i8nQLt7g962EBMa70RWIG5RggHuAap2ulpBdC5lubi6mVSsbTFT5YPXGAOTV6sa1VTsol04NasxtbYi6tElhkWxRhO8sURcmRTlVO3lR3JqT+03uOLCyuLhv78imGMfVmH/oINaoJFFEa/LG1huld3uZq2Ooy/NNqpibslrEoVfxcMTUllpVvbM0sn+k3b8vcSgFm9h2UDsBV6iolWnLqNU4rUAqjoi/lSkk0lFZGgUUUUANkQSRshzhgVODg49jWZDpNzaxLBaapIsCAKiSRK20egIArVoq4VJQ0RMoqW5mnSZJuLzUbudf+eaEQr/46Ax/E1dtba3s4hFbQxxRj+FBgVLRRKpKW7FGKQUVXvb61sFDXUyxk/dTqzfRRyaos9/qXGJNOtD/AN/5B/JB+tVCjKfkEqiiWLvVI4ZjbW8b3d2BkxRY+T3djwoqH7PqVzzdX/2df+eVmAMfV2BJ/ACrVrbQWkIht41jQHOB3PqSeSfc1LXXCnGPmYSk5blQ+VpOmnyoyUhUhEJyXYngfUsa7/w1ph0nRbS0c5lRN0rf3nY5Y/nXIaHZ/wBq+IY0IzbaeRNN6NL/AAL+H3q9DHSvVwtO0eZ9TzsTO8rIWiiius5gooooAKKKKACiiigAooooAKKKKACiiigAooooAKKKKACiiigAooooAKKKKACiiigAooooAKKKKACiiigAooooAKKKKACiiigAooooAKKKKACiiigAooooAKKKKACiiigAooooAKKKKACiiigAooooAKKKKACiiigAooooAKKKKACiiigAooooAKKKKACiiigAooooAKKKKACiiigAooooAKKKKACiiigAooooAzPEv/Ival/17v8A+gmvNdGPkX0luelzbxTp9QoVhXpXiXH/AAj2o/8AXu/8jXmd5+5tNMvh1t2iDe6OArD8ytefj480bHbg3Ztm3RSkYJFJXz564UUUUAFFFFABRRRQAUUUUAFFFFABRRRQAUUUUAFFFFABRRWP4ieHfp8VzKY7d5maT52UMAhwCQQepq6cOeViZS5Vc1Zp4bdd880ca+rsFH61QOu2DcW7y3Z/6do2kH/fQ+Ws6GXw7HJm2top5P70UBlb8yCavi9vpuLbSpwP79yywr+Ry1dP1eEfif6GPtJPYX7Xqk/+o0+K3H966k3N/wB8p/8AFVSvHkjdYrzVLqe4cfJa2SiNm/L5gPdjirUlpePGX1HUktYO6WvyD8ZG5/ICr1jaWtnFi0iRFfDMw+Yye5Y5LU3OnT+FAoyluzJ0WJILy5hksIba6VVlDK/mMUbIG5j3BFbNZkVhqVpPcNbNZTieQyM8xdZD6AkA9OgqbT72W4muYJ4okktyoYxOXQkjOASByO4rVTU9UyLcujLtQ3czxqiQx+bczsI4Iv77noPoOpPYUtzPFbQNNM+1E6nqfYAdyewrovCehywyHV9Sj2Xki7YYT/y7R+n+8f4jW9Cl7SXkY1qqhHzNbw9pKaPpkdtv8yUkyTS/89JD1b+n0rVoor1kraI8xu+rFooopgFFFFABRRRQAUUUUAFFFFABRRRQAUUUUAFFFFABRRRQAUUUUAFFFFABRRRQAUUUUAFFFFABRRRQAUUUUAFFFFABRRRQAUUUUAFFFFABRRRQAUUUUAFFFFABRRRQAUUUUAFFFFABRRRQAUUUUAFFFFABRRRQAUUUUAFFFFABRRRQAUUUUAFFFFABRRRQAUUUUAFFFFABRRRQAUUUUAFFFFABRRRQAUUUUAFFFFAEcsaTRPE6hkcFWB6EdCK8ul09Y1vNBuix+zEKrA4JizujYH1FeqVynjjTWMces2yFprNSJkXrJD3H1X7wrCvT54+ZtQqckvI5bT7uZbg6ffMDcgFopgMC4T19mHcVo1n3tsuoWqmKUK4Ilt5l52N1Uj2PcdxU2mXv222LOnl3ETGOeL+4/wDgeoNfP16XL7yPYpyvoWqKKK5jYKKKKACiiigAooooAKKKKACiiigAoqld6vp1pIIpryFZe0Qbc5+ijmov7Unl/wCPXSr2Qf3pFEK/+PENWkaM5a2IdSKNKis3OtTdFsbUf8CmYf8AoIqKW1kwWvNauNvcIywr+g3frWqw0urIdVLY12KohZ2CqOpY4FZ0+saSDtN1DcOvRIlMzA/RQaywNAMn7m3bUp1PUK1ywPuxyBWhGuqSqBb2dvYR9mlO9gP91MD/AMeq/q8I6yZPtJPRIf8A2tcygC00y6cdmmKwr/U/pTSmr3H+su7e0X0t03t/301OOnagg3x6vK0392WFDEfbCgMB+NR/2qtsRHqkf2J+gdjmF/8Adf8AocGrhGm/h1FJyW46LSLMSCSdXu5v79yxk/Q8VFpd1b2GlTGZ9sEFzJEigFm65VVA6nngVpI6yIrowZSMhhyCKqLpduupNfAvuOWEZOUV8YLgdiQMVcoqa5WSm07ojYahqIPmM2nWp/gQgzOPdui/QVP/AKJpdoqKgjhB2oiAszsewHVmNWHdY0Z2OFUFifaug8H6HHHaWms3n77UbmBZNz9IAyglEHb3PU1vh6HO7LYxrVeTfci8OeHJXni1TVowsqHdbWuciD/ab1f+VdfRS16sYqKsjzpScndhRRRVEhRRRQAUUUUAFFFFABRRRQAUUUUAFFFFABRRRQAUUUUAFFFFABRRRQAUUUUAFFFFABRRRQAUUUUAFFFFABRRRQAUUUUAFFFFABRRRQAUUUUAFFFFABRRRQAUUUUAFFFFABRRRQAUUUUAFFFFABRRRQAUUUUAFFFFABRRRQAUUUUAFFFFABRRRQAUUUUAFFFFABRRRQAUUUUAFFFFABRRRQAUUUUAFFFFABRRRQAUUUUAFIaWigDzjWNO/sC/2oMaVcyfuT2t5D1jPop6rWbfRy2lyNStkLsqhLmFessfqP8AaXtXqN9aQX1pLa3MSywSqVdG6MK89v7O40G6S1unaS0dttrdt+kch7N6H+KvPxOH+0tjtw9f7Mh8E0VzAk8DrJFIAyOOhFSBWPQGsl9Pngmd9OuxaLMcyxlA657sgPCsfypDotrLzdtPeN63EhYf989BXkvDa76Hoe18jW3LnG5c/UU7YTyFNZH9h6T/ANA62/74pDoOk9rCFf8AdBWn9WXcFVfY1ypUEsMAdSeBWfcaxZRP5UTm7uO0Nt87fiRwv41AuhaUDk2MTH/by386vQxRwJshjSNfRQBTWHitWxOpJlT7Vqzcrp9sg/uvPlvxwKX7bqife0uJx6x3QH6EVdorR04dhc0u5WtdSMtyLae0ltZmUugchg4HXBHcVerOv7aeSW2ubVo/tFsxZUkyFcEEMCRyPY0huNYY8WVjGPVrpm/korGph7u8Co1LbmlSgE9BWV5ery/6zULe3HpBBkj8XJpDpSyf8fN7fXPs0xVf++VwKSwz6sbq+RbutN06Q7ri0tgx/jKhW/76GDVU6LpgVnRpY0UZZlu3CqPxYgUiaJpSdNPgJ9SuT+ZpToulllY6dbZByDsrZUmtOZmblfoZ7roZbbC9/fP/AHbeWVx+YIWnJYMxBg0Gxg9JL1/Nb645IrcUBV2qAo9AMClq0reYtygLXUHULLqrRr2S2hVAPoTmk/sqMkl73UJD6tcf4AVoVUutSsrRxHNcIJD0iXLOfooyTTS7INiL+yk/gvdQT/duP8QaBo9qxH2h7i7A6Lcyll/FRgGlF9eTf8eulTkdnuHWEfly36UoGtHJ8nT19vNZv1wKXNFdQSb6F0AKAFAAAwAOAKWqH2u9tpoUv7SFEmcRrNDKWAY9AVKggGr9PfUCpqqNLYSWyHD3JW3T6yEID+G6vUIkWKNI0GFQBQPQV5/pFv8AbfE+nQdUtg95J+A2IPxLMf8AgNeiV6WEjaFzz8VK87BRRRXWcwUUUUAFFFFABRRRQAUUUUAFFFFABRRRQAUUUUAFFFFABRRRQAUUUUAFFFFABRRRQAUUUUAFFFFABRRRQAUUUUAFFFFABRRRQAUUUUAFFFFABRRRQAUUUUAFFFFABRRRQAUUUUAFFFFABRRRQAUUUUAFFFFABRRRQAUUUUAFFFFABRRRQAUUUUAFFFFABRRRQAUUUUAFFFFABRRRQAUUUUAFFFFABRRRQAUUUUAFFFFABRRRQAUUUUAFQXlrBe20ltdRJLBINro4yGFT0UAedapo95oGXQS3mmD+LBaa3H+13ZfeoIpI5o1likV42GVdTkGvS6818U2ctjrepRacEgkubVLiIKgI8wFgxx7/AC1w4jDpLmR2UK7b5WOorMsoLy8s4bmPWptsqhsG1i4PcdOxqf7Bf/8AQZk/8BYv8K811IJ2bO9Rb1SLlFU/sOof9BmT/wABYv8ACk+wah/0GZP/AAFi/wAKXtYdw5Zdi7RVL7BqH/QZk/8AAWL/AAo+wah/0GZP/AWL/Cj2sO4csuxdoqn9h1D/AKDMn/gLF/hSHT7/AP6DU/4W0X+FHtYdw5Zdi7RVL+zr4dNan/GCIj+VH9nXzcS6zPj/AKZwxofzAo9rDuHLLsPu9QtbN1jnlxIwysagsxHrgdqg/t3TRw9yYz6PGy/0q9Y2NvYK32dCGc5eRiWdz7seTVre3941m8QlokUqT6sx01Ce6OdPsXnjHWWU+UpPoueTT8azL0jsbYf3mdpG/IACtQknrSVDxMuiKVJGaNJab/j+1C5uB3jQ+Sn5L8361ctLO1skKWtvFAp67FAz9T3qaispVJS3ZaikFFFFQMztd/49bb/r9t//AEYtXcZOKzEb+1r3z85sbVyIR2mkHBf6L0FWr0TSpHaW/wDx9XjiGL2J+834LuNejQg+VR6nLUkruR0fgK28yK91dv8Al7k8uE/9MkyAfoW3N+NddVawtIrGygtIFxFAgRB7AYqxXuwjypI8icuZti0UUVRIUUUUAFFFFABRRRQAUUUUAFFFFABRRRQAUUUUAFFFFABRRRQAUUUUAFFFFABRRRQAUUUUAFFFFABRRRQAUUUUAFFFFABRRRQAUUUUAFFFFABRRRQAUUUUAFFFFABRRRQAUUUUAFFFFABRRRQAUUUUAFFFFABRRRQAUUUUAFFFFABRRRQAUUUUAFFFFABRRRQAUUUUAFFFFABRRRQAUUUUAFFFFABRRRQAUUUUAFFFFABRRRQAUUUUAFFFFABXH+O4PKvNJ1Bc43taufZxlf8Ax9VrsKy/Eunf2tot1ZA4ldN0Tf3XHKn8xUVI80WioS5ZJnnenn7HqdzYniGbNxB/J1H0PNalY9yZNQ06C9t0xeQHzUT/AGxw8Z+vzCtKzuYry1iuYGzHKoZf6g+4r5vE07S5j3KMrqxNRRRXMbBRRRQAUUUUAFFFFABRRRQAUUUUAFFFFABWbrE0jmLTrZytxdA73HWKLozfU9BV27uYrK2kuZ2xHGMn1PoB7mqOmW8q+beXS4u7khnX/nkv8KD6d/euihTu+Z7GVSVlZFuGKOGJIYkCxoAqKOwrU8GWP23UJtYcZhizBae/99x/6CPpWS0M+oXcOl2jFJ7kEvIP+WMQ4Z/r2HvXo1laxWVpFa26COGFAiL6KBgV7OFpa87PNxNSy5UWKKKK7ziCiiigAooooAKKKKACiiigAooooAKKKKACiiigAooooAKKKKACiiigAooooAKKKKACiiigAooooAKKKKACiiigAooooAKKKKACiiigAooooAKKKKACiiigAooooAKKKKACiiigAooooAKKKKACiiigAooooAKKKKACiiigAooooAKKKKACiiigAooooAKKKKACiiigAooooAKKKKACiiigAooooAKKKKACiiigAooooAKKKKACiiigAooooAKKKKACg0UUAefeIbFtJ1xpgMWepPkeiT45H/AgM1iO39j3Ulz/AMw64bdOB/ywk/v/AO6f4q9O1XTrfVbGazul3RSjBwcFT2IPYg8g1580dxZXj6ZqODcqpKvjC3Mf98f+zL2rzsVQvr0O7DVfsstgggEEEEZBHINFYyltD7M+lE9OrWv+Mf8A6DWyhEiq0ZDqwBVlOQw7EV4tSm4PyPTjPmCiqM+safDKYTceZIOqRKXI+uKjOvaePvSSr9YWqVTm+g+ePc0qKzP+Eg0r/n6P/fp/8KUeINJP/L4Pxjb/AAp+zn2Dnj3NKis9db0p+l/D+OR/MVahvbSf/U3UEnssik0nCS6ApLuTUUpBHUEUlQUFFFFAgqO4nitYHnuJFjiQZZ2OAKzTdXeozv8A2fcJBaREp5xi8zzn7hQSOB606LTi063F9cNeTocx7lCpH7hRkZ9zXRDDt2cjJ1eiGwpLqVzHe3MbR28R3W0DcNn/AJ6OPX0XtVu5uFt4wxV5HdgkcactK56KPc0tzcx20YeQsSxCoijc0jdgqjqa6Pwv4flhmXVdUQfbSCIYM5W2U/zc9zXo0KHO0lscdaryepc8LaI+lWzzXRV9QuSHndei+iL/ALK1v0lLXrJWVkec3d3YUUUUxBRRRQAUUUUAFFFFABRRRQAUUUUAFFFFABRRRQAUUUUAFFFFABRRRQAUUUUAFFFFABRRRQAUUUUAFFFFABRRRQAUUUUAFFFFABRRRQAUUUUAFFFFABRRRQAUUUUAFFFFABRRRQAUUUUAFFFFABRRRQAUUUUAFFFFABRRRQAUUUUAFFFFABRRRQAUUUUAFFFFABRRRQAUUUUAFFFFABRRRQAUUUUAFFFFABRRRQAUUUUAFFFFABRRRQAUUUUAFFFFABRRRQAVl67o1trVqILgMpQ74pUOJIn7MprUopNX0YJ2PMblLvSrlbTVFVWc4iuQMRT+3+y3+yapf2LAN0QmuUtSS32VJCsYPfp29q9Uu7W3vIHt7mGOaGQYeORQysPcGuN1DwpfWGX0iT7Tbj/l0nf519o5D/Jq4auFe8Dsp4jpIzLeGO2iEUEaRIOioMCpN7f3jVZb2LzTBMHtrhesM6+Ww98HqPcVKk0Uhwksbn0VwTXHJSTszsTT1RJvb++350b2/vt+dJRU6jEZFb7yK31ANVptOsZ/9bZW7f8AAAP5VaoouwsZw0mOHmyu7qz9kfcv/fLZFO+1alZ/8fNul5D/AM9bb5XH1QnB/A1fpryJGfndE/3mC/zpOKnugvbZlT+27UjCQ3zv/cFpID+bACopI73VAVuVNnZn70KtmWUejMOFHsKnk1WxjIDXkWTwFU7ifoBVm3j1K9/48dJu5B/z0nHkR/X5uSPoKcMNZ+6hTrLqwjRY0WONAqKAqqowAPQVGkst1ctaadAby7XhlU4SL/ro3QfTrW7Z+DrifD6vf/J3trMlF+hk+834ba6mysrbT7dLazt44IEHyxxKFArtp4RvWZyVMV0iY3h/w1Hpsv269kF3qRXHmbcJED1WMdh79TXQ0tJXdGKirI423J3YtFFFUIKKKKACiiigAooooAKKKKACiiigAooooAKKKKACiiigAooooAKKKKACiiigAooooAKKKKACiiigAooooAKKKKACiiigAooooAKKKKACiiigAooooAKKKKACiiigAooooAKKKKACiiigAooooAKKKKACiiigAooooAKKKKACiiigAooooAKKKKACiiigAooooAKKKKACiiigAooooAKKKKACiiigAooooAKKKKACiiigAooooAKKKKACiiigAooooAKKKKACiiigAooooAKKKKAKl9p1nqEYjvLWC4QHIWVA2D+NUbjwxodxHsfSbMD/AKZxCM/muDWzRSaT3Gm0cjc+CgnOm6ncW4/55S4mT9eRVF/DXiBP49MmHqN6fmOa7yisnQg90aRrTjszg18NeISMl9KT6mRqjl0LxFCcC0sbr3juDH/6EDXoFJil9Wp9h/WKnc4iz8J6ndkHULuOyi7xWvzSH6yHp+ArdtfCmhWy4GmW8h7tMvmE/Utmtqlq404w2REqkpbsrWtla2gxbWsEA9I4wv8AKrNFFaEBRRRQAUUUUAFFFFABRRRQAUUUUAFFFFABRRRQAUUUUAFFFFABRRRQAUUUUAFFFFABRRRQAUUUUAFFFFABRRRQAUUUUAFFFFABRRRQAUUUUAFFFFABRRRQAUUUUAFFFFABRRRQAUUUUAFFFFABRRRQAUUUUAFFFFABRRRQAUUUUAFFFFABRRRQAUUUUAFFFFABRRRQAUUUUAFFFFABRRRQAUUUUAFFFFABRRRQAUUUUAFFFFABRRRQAUUUUAFFFFABRRRQAUUUUAFFFFABRRRQAUUUUAFFFFABRRRQAUUUUAFFFFABRRRQAUUUUAFFFFABRRRQAUUUUAFFFFABRRRQAUUUUAFFFFABRRRQAUUUUAFFFFABRRRQAUUUUAFFFFABRRRQAUUUUAFFFFABRRRQAUUUUAFFFFABRRRQAUUUUAFFFFABRRRQAUUUUAFFFFABRRRQAUUUUAFFFFABRRRQAUUUUAFFFFABRRRQAUUUUAFFFFABRRRQAUUUUAFFFFABRRRQAUUUUAFFFFABRRRQAUUUUAFFFFABRRRQAUUUUAFFFFABRRRQAUUUUAFFFFABRRRQAUUUUAFFFFABRRRQAUUUUAFFFFABRRRQAUUUUAFFFFABRRRQAUUUUAFFFFABRRRQAUUUUAFFFFABRRRQAUUUUAFFFFABRRRQAUUUUAFFFFABRRRQAUUUUAFFFFABRRRQAUUUUAFFFFABRRRQAUUUUAFFFFABRRRQAUUUUAFFFFABRRRQAUUUUAFFFFABRRRQAUUUUAFFFFABRRRQAUUUUAFFFFABRRRQAUUUUAFFFFABRRRQAUUUUAFFFFABRRRQAUUUUAFFFFABRRRQAUUUUAFFFFABRRRQAUUUUAFFFFABRRRQAUUUUAFFFFABRRRQAUUUUAFFFFABRRRQAUUUUAFFFFABRRRQAUUUUAFFFFABRRRQAUUUUAFFFFABRRRQAUUUUAFFFFABRRRQAUUUUAFFFFABRRRQAUUUUAFFFFABRRRQAUUUUAFFFFABRRRQAUUUUAFFFFABRRRQAUUUUAFFFFABRRRQAUUUUAFFFFABRRRQAUUUUAFFFFABRRRQAUUUUAFFFFABRRRQAUUUUAFFFFABRRRQAUUUUAFFFFABRRRQAUUUUAFFFFABRRRQAUUUUAFFFFABRRRQAUUUUAFFFFABRRRQAUUUUAFFFFABRRRQAUUUUAFFFFABRRRQAUUUUAFFFFABRRRQAUUUUAFFFFABRRRQAUUUUAFFFFABRRRQAUUUUAFFFFABRRRQAUUUUAFFFFABRRRQAUUUUAFFFFABRRRQAUUUUAFFFFABRRRQAUUUUAFFFFABRRRQAUUUUAFFFFABRRRQAUUUUAFFFFABRRRQAUUUUAFFFFABRRRQAUUUUAFFFFABRRRQAUUUUAFFFFABRRRQAUUUUAFFFFABRRRQAUUUGgAooooAKKKBQAUUUUAFFFFABRRRQAUUUUAFFFFABRRRQAUUUUAFFFFABRRRQAUUGgUAFFFFABRRRQAUUUUAFFFFABRRRQAUUUUAFFFFABRRRQAUUUUAFFFFABRQaKACiiigAooooAKKKKACiiigAooooAKKKKACiigUAFFFFABRQaKACiiigAooooAKKKKACiiigAooooAKKKKACiiigAooooAKKDRQAUUUUAFFFFABRQKKACiiigAooooAKKKKACiiigAooooAKKKKACig0UAFFFFABRQKKACiiigAooooAKKKKAP/2Q=="